age_BP,varve_thick,peaks_pos,peaks_neg,lake_name,age_CE
84.5,0.21707661685344581,0,0,Ayr Lake,1865.5
85.5,-0.38283916452288175,0,0,Ayr Lake,1864.5
86.5,0.04908284561290954,0,0,Ayr Lake,1863.5
87.5,0.15362619636626718,0,0,Ayr Lake,1862.5
88.5,0.5070553606579402,1,0,Ayr Lake,1861.5
89.5,0.30370632800058706,0,0,Ayr Lake,1860.5
90.5,0.02020526954176627,0,0,Ayr Lake,1859.5
91.5,-0.355604062148417,0,0,Ayr Lake,1858.5
92.5,-0.1302982365014273,0,0,Ayr Lake,1857.5
93.5,-0.2685572231686142,0,0,Ayr Lake,1856.5
94.5,-0.07388281122739998,0,0,Ayr Lake,1855.5
95.5,-0.39289645247259164,0,0,Ayr Lake,1854.5
96.5,-0.45371585038852696,0,0,Ayr Lake,1853.5
97.5,0.44427134641355415,0,0,Ayr Lake,1852.5
98.5,-0.5002491526740747,0,0,Ayr Lake,1851.5
99.5,0.73507767297437,0,0,Ayr Lake,1850.5
100.5,-0.3621624457553885,0,0,Ayr Lake,1849.5
101.5,-0.05820490596240979,0,0,Ayr Lake,1848.5
102.5,-0.2731054881706396,0,0,Ayr Lake,1847.5
103.5,-0.25867001112785326,0,0,Ayr Lake,1846.5
104.5,-0.5354591614231765,0,0,Ayr Lake,1845.5
105.5,-0.3921002017168177,0,0,Ayr Lake,1844.5
106.5,1.9328782733393715,1,0,Ayr Lake,1843.5
107.5,-0.26180942406855734,0,0,Ayr Lake,1842.5
108.5,-0.09838876109566563,0,0,Ayr Lake,1841.5
109.5,-0.5165755534374509,0,0,Ayr Lake,1840.5
110.5,-0.39351592466780316,0,0,Ayr Lake,1839.5
111.5,-0.04971558410404453,0,0,Ayr Lake,1838.5
112.5,-0.05000705544448536,0,0,Ayr Lake,1837.5
113.5,-0.5089988360223572,0,0,Ayr Lake,1836.5
114.5,-0.47774954597394226,0,0,Ayr Lake,1835.5
115.5,0.24367257729683267,0,0,Ayr Lake,1834.5
116.5,2.0021335108860243,0,0,Ayr Lake,1833.5
117.5,0.8421871810678155,0,0,Ayr Lake,1832.5
118.5,1.1587394047817838,1,0,Ayr Lake,1831.5
119.5,0.10993646953481429,0,0,Ayr Lake,1830.5
120.5,1.2846913830535853,1,0,Ayr Lake,1829.5
121.5,-0.2558443082743223,0,0,Ayr Lake,1828.5
122.5,-0.06582791961887241,0,0,Ayr Lake,1827.5
123.5,-0.4276133238630111,0,0,Ayr Lake,1826.5
124.5,-0.3553996549744114,0,0,Ayr Lake,1825.5
125.5,-0.2564464070278959,0,0,Ayr Lake,1824.5
126.5,-0.2925802843822378,0,0,Ayr Lake,1823.5
127.5,-0.13631945723198374,0,0,Ayr Lake,1822.5
128.5,-0.11017238415829922,0,0,Ayr Lake,1821.5
129.5,-0.32507656050447825,0,0,Ayr Lake,1820.5
130.5,-0.2698557179770291,0,0,Ayr Lake,1819.5
131.5,-0.24420494995803588,0,0,Ayr Lake,1818.5
132.5,-0.20422752209192566,0,0,Ayr Lake,1817.5
133.5,-0.11495362235715065,0,0,Ayr Lake,1816.5
134.5,-0.20122302201909897,0,0,Ayr Lake,1815.5
135.5,-0.15288657641942707,0,0,Ayr Lake,1814.5
136.5,-0.19257721771966468,0,0,Ayr Lake,1813.5
137.5,-0.2109655766242454,0,0,Ayr Lake,1812.5
138.5,-0.16775287996121324,0,0,Ayr Lake,1811.5
139.5,0.9575167605281218,1,0,Ayr Lake,1810.5
140.5,0.10795938877512037,0,0,Ayr Lake,1809.5
141.5,0.10403795505306465,0,0,Ayr Lake,1808.5
142.5,-0.07732872137908992,0,0,Ayr Lake,1807.5
143.5,-0.12815456829757743,0,0,Ayr Lake,1806.5
144.5,-0.13491352056074002,0,0,Ayr Lake,1805.5
145.5,-0.13026391229457077,0,0,Ayr Lake,1804.5
146.5,-0.10674289004772065,0,0,Ayr Lake,1803.5
147.5,-0.1104710461391603,0,0,Ayr Lake,1802.5
148.5,-0.12865097844839835,0,0,Ayr Lake,1801.5
149.5,-0.11426074933031394,0,0,Ayr Lake,1800.5
150.5,-0.10074874526860994,0,0,Ayr Lake,1799.5
151.5,0.13703145758225801,0,0,Ayr Lake,1798.5
152.5,-0.11588277702044697,0,0,Ayr Lake,1797.5
153.5,-0.11493381648844958,0,0,Ayr Lake,1796.5
154.5,0.021728327263934505,0,0,Ayr Lake,1795.5
155.5,0.09857537648091744,0,0,Ayr Lake,1794.5
156.5,-0.030571035369120203,0,0,Ayr Lake,1793.5
157.5,0.043249830473967105,0,0,Ayr Lake,1792.5
158.5,-0.12135021983435988,0,0,Ayr Lake,1791.5
159.5,0.06991861143717104,0,0,Ayr Lake,1790.5
160.5,-0.1383534248913869,0,0,Ayr Lake,1789.5
161.5,-0.15534797394232275,0,0,Ayr Lake,1788.5
162.5,0.03595012723142227,0,0,Ayr Lake,1787.5
163.5,1.0791122124889672,1,0,Ayr Lake,1786.5
164.5,-0.07230491117110276,0,0,Ayr Lake,1785.5
165.5,-0.14017910489251217,0,0,Ayr Lake,1784.5
166.5,0.23383724312439572,0,0,Ayr Lake,1783.5
167.5,0.12397026810307812,0,0,Ayr Lake,1782.5
168.5,0.25458496303819955,1,0,Ayr Lake,1781.5
169.5,-0.14323848645620874,0,0,Ayr Lake,1780.5
170.5,8.469233898374673e-4,0,0,Ayr Lake,1779.5
171.5,-0.1595350383572156,0,0,Ayr Lake,1778.5
172.5,-0.1426125145549416,0,0,Ayr Lake,1777.5
173.5,-0.15103559439497924,0,0,Ayr Lake,1776.5
174.5,-0.1196523368211088,0,0,Ayr Lake,1775.5
175.5,-0.14717054004707947,0,0,Ayr Lake,1774.5
176.5,0.26226139163313544,0,0,Ayr Lake,1773.5
177.5,0.0638952750331439,0,0,Ayr Lake,1772.5
178.5,0.06985008522805902,0,0,Ayr Lake,1771.5
179.5,0.15097015537832026,1,0,Ayr Lake,1770.5
180.5,-0.15191174989724543,0,0,Ayr Lake,1769.5
181.5,-0.19547579276629545,0,0,Ayr Lake,1768.5
182.5,0.3543438793050525,1,0,Ayr Lake,1767.5
183.5,-0.10151306725858887,0,0,Ayr Lake,1766.5
184.5,-0.16294391476193124,0,0,Ayr Lake,1765.5
84.5,-0.08010091556270095,0,0,Big Round Lake,1865.5
85.5,-0.0769957818522399,0,0,Big Round Lake,1864.5
86.5,-0.08452514809064457,0,0,Big Round Lake,1863.5
87.5,-0.07542891419078435,0,0,Big Round Lake,1862.5
88.5,-0.03885588002054704,0,0,Big Round Lake,1861.5
89.5,-0.06990524540883578,0,0,Big Round Lake,1860.5
90.5,0.12168808984302708,1,0,Big Round Lake,1859.5
91.5,0.04392002595176457,0,0,Big Round Lake,1858.5
92.5,0.4848053630918462,1,0,Big Round Lake,1857.5
93.5,-0.08204599863398512,0,0,Big Round Lake,1856.5
94.5,-0.07575735929733346,0,0,Big Round Lake,1855.5
95.5,-0.07814471897720884,0,0,Big Round Lake,1854.5
96.5,-0.05481607771015102,0,0,Big Round Lake,1853.5
97.5,-0.02286813549205218,0,0,Big Round Lake,1852.5
98.5,-0.003999892289442281,0,0,Big Round Lake,1851.5
99.5,-0.04964364805505743,0,0,Big Round Lake,1850.5
100.5,-0.055864702733531585,0,0,Big Round Lake,1849.5
101.5,0.06831314375421677,0,0,Big Round Lake,1848.5
102.5,0.08460259150603316,1,0,Big Round Lake,1847.5
103.5,-0.03742425940791315,0,0,Big Round Lake,1846.5
104.5,-0.029760108951336815,0,0,Big Round Lake,1845.5
105.5,0.36560424292076377,1,0,Big Round Lake,1844.5
106.5,-0.05328080376581078,0,0,Big Round Lake,1843.5
107.5,-0.01233044911172966,0,0,Big Round Lake,1842.5
108.5,-0.04010949323053792,0,0,Big Round Lake,1841.5
109.5,0.015594863777326565,0,0,Big Round Lake,1840.5
110.5,-0.03610647817418049,0,0,Big Round Lake,1839.5
111.5,0.1149204808301872,0,0,Big Round Lake,1838.5
112.5,0.13338284070692819,1,0,Big Round Lake,1837.5
113.5,-0.05592259867850903,0,0,Big Round Lake,1836.5
114.5,-0.04172353751504047,0,0,Big Round Lake,1835.5
115.5,-0.008317175979447422,0,0,Big Round Lake,1834.5
116.5,-0.04695211422734302,0,0,Big Round Lake,1833.5
117.5,-0.05905555240312875,0,0,Big Round Lake,1832.5
118.5,-0.047200890627833045,0,0,Big Round Lake,1831.5
119.5,0.15715587100783884,0,0,Big Round Lake,1830.5
120.5,0.034378532421477065,1,0,Big Round Lake,1829.5
121.5,0.005846793474222026,0,0,Big Round Lake,1828.5
122.5,0.019065453999627793,0,0,Big Round Lake,1827.5
123.5,0.14342411382423392,1,0,Big Round Lake,1826.5
124.5,-0.012543327246131948,0,0,Big Round Lake,1825.5
125.5,-0.047068169458823764,0,0,Big Round Lake,1824.5
126.5,-0.06115191306545865,0,0,Big Round Lake,1823.5
127.5,-0.061534958293600055,0,0,Big Round Lake,1822.5
128.5,-0.043397805338451154,0,0,Big Round Lake,1821.5
129.5,-0.04772765436302421,0,0,Big Round Lake,1820.5
130.5,-0.049714905504423874,0,0,Big Round Lake,1819.5
131.5,-0.03207785887367677,0,0,Big Round Lake,1818.5
132.5,-0.055546514556285766,0,0,Big Round Lake,1817.5
133.5,-0.053797372616302984,0,0,Big Round Lake,1816.5
134.5,-0.056616433089562275,0,0,Big Round Lake,1815.5
135.5,-0.05343859598184452,0,0,Big Round Lake,1814.5
136.5,-0.038129461268360185,0,0,Big Round Lake,1813.5
137.5,-0.027430828896,0,0,Big Round Lake,1812.5
138.5,-0.05211539879027759,0,0,Big Round Lake,1811.5
139.5,-0.04492527085834396,0,0,Big Round Lake,1810.5
140.5,-0.050981044981625145,0,0,Big Round Lake,1809.5
141.5,-0.051392021015582316,0,0,Big Round Lake,1808.5
142.5,0.040129801211823475,0,0,Big Round Lake,1807.5
143.5,0.016075221892513467,0,0,Big Round Lake,1806.5
144.5,-0.012467658793107753,0,0,Big Round Lake,1805.5
145.5,-0.0026363406730368216,0,0,Big Round Lake,1804.5
146.5,-0.011062423571962937,0,0,Big Round Lake,1803.5
147.5,-0.04505020731141382,0,0,Big Round Lake,1802.5
148.5,0.08605430829547789,1,0,Big Round Lake,1801.5
149.5,-0.02306707655473717,0,0,Big Round Lake,1800.5
150.5,-0.04170846169086357,0,0,Big Round Lake,1799.5
151.5,-0.012522646937279058,0,0,Big Round Lake,1798.5
152.5,0.14956046790017757,1,0,Big Round Lake,1797.5
153.5,-0.02392741698961297,0,0,Big Round Lake,1796.5
154.5,-0.0075444014693025405,0,0,Big Round Lake,1795.5
155.5,-0.002706885405773178,0,0,Big Round Lake,1794.5
156.5,0.1882992313392835,0,0,Big Round Lake,1793.5
157.5,0.10668184888861093,0,0,Big Round Lake,1792.5
158.5,0.07318896728632904,1,0,Big Round Lake,1791.5
159.5,-0.01810521348653219,0,0,Big Round Lake,1790.5
160.5,-0.03587309348394453,0,0,Big Round Lake,1789.5
161.5,-0.035915672756627465,0,0,Big Round Lake,1788.5
162.5,-0.03375105133721512,0,0,Big Round Lake,1787.5
163.5,-0.028381929238758596,0,0,Big Round Lake,1786.5
164.5,0.032663893543945124,1,0,Big Round Lake,1785.5
165.5,-0.012423982973367033,0,0,Big Round Lake,1784.5
166.5,0.06568704121677721,0,0,Big Round Lake,1783.5
167.5,0.04846856611741511,1,0,Big Round Lake,1782.5
168.5,-0.02958160829584096,0,0,Big Round Lake,1781.5
169.5,-0.010400682068450608,0,0,Big Round Lake,1780.5
170.5,-0.025560055238528986,0,0,Big Round Lake,1779.5
171.5,0.1104710721646994,1,0,Big Round Lake,1778.5
172.5,-0.027904699887816437,0,0,Big Round Lake,1777.5
173.5,-0.019708171460719428,0,0,Big Round Lake,1776.5
174.5,0.05616045738323906,1,0,Big Round Lake,1775.5
175.5,-0.021059213414040708,0,0,Big Round Lake,1774.5
176.5,-0.027194183927532995,0,0,Big Round Lake,1773.5
177.5,-0.025669954227131773,0,0,Big Round Lake,1772.5
178.5,-0.022963024368478385,0,0,Big Round Lake,1771.5
179.5,-0.022986294393194016,0,0,Big Round Lake,1770.5
180.5,-0.022283664330016953,0,0,Big Round Lake,1769.5
181.5,0.048866065804899474,1,0,Big Round Lake,1768.5
182.5,-0.013992003998805265,0,0,Big Round Lake,1767.5
183.5,-0.019798673766080823,0,0,Big Round Lake,1766.5
184.5,-0.02203724351941555,0,0,Big Round Lake,1765.5
84.5,-0.02642236691747504,0,0,Blue Lake,1865.5
85.5,-0.004137225763761118,0,0,Blue Lake,1864.5
86.5,-0.029612084581857316,0,0,Blue Lake,1863.5
87.5,0.008113056664156688,0,0,Blue Lake,1862.5
88.5,-0.02888180196952508,0,0,Blue Lake,1861.5
89.5,-0.010886660422915698,0,0,Blue Lake,1860.5
90.5,0.018968481385366595,1,0,Blue Lake,1859.5
91.5,-0.011436376455227975,0,0,Blue Lake,1858.5
92.5,-0.03126123386310204,0,0,Blue Lake,1857.5
93.5,-0.03385609074825964,0,0,Blue Lake,1856.5
94.5,0.06673905301060908,0,0,Blue Lake,1855.5
95.5,0.020714197550007106,0,0,Blue Lake,1854.5
96.5,0.03546934296486039,1,0,Blue Lake,1853.5
97.5,-0.024605510684425954,0,0,Blue Lake,1852.5
98.5,-0.028080363358558076,0,0,Blue Lake,1851.5
99.5,0.016494784994531102,1,0,Blue Lake,1850.5
100.5,0.0018199344509119836,0,0,Blue Lake,1849.5
101.5,0.05269508507639646,0,0,Blue Lake,1848.5
102.5,0.04102023692717177,1,0,Blue Lake,1847.5
103.5,-0.024534609988222874,0,0,Blue Lake,1846.5
104.5,-0.03687945569048581,0,0,Blue Lake,1845.5
105.5,-0.03355430018825885,0,0,Blue Lake,1844.5
106.5,-0.025359143450249904,0,0,Blue Lake,1843.5
107.5,-0.019993985415775337,0,0,Blue Lake,1842.5
108.5,-0.03082882599259939,0,0,Blue Lake,1841.5
109.5,-0.03258366506987766,0,0,Blue Lake,1840.5
110.5,-0.020818502501248323,0,0,Blue Lake,1839.5
111.5,-0.02109333811416273,0,0,Blue Lake,1838.5
112.5,-0.021368171706955486,0,0,Blue Lake,1837.5
113.5,0.003766996938324378,0,0,Blue Lake,1836.5
114.5,-0.029277831936850744,0,0,Blue Lake,1835.5
115.5,-0.007502658090751409,0,0,Blue Lake,1834.5
116.5,1.4251874527793779e-4,0,0,Blue Lake,1833.5
117.5,0.0194976988439522,0,0,Blue Lake,1832.5
118.5,-0.03712711751789147,0,0,Blue Lake,1831.5
119.5,-6.819300769198913e-4,0,0,Blue Lake,1830.5
120.5,-0.0036767385408490658,0,0,Blue Lake,1829.5
121.5,-0.03284154261650731,0,0,Blue Lake,1828.5
122.5,-0.026076341995639983,0,0,Blue Lake,1827.5
123.5,0.038968863651024706,0,0,Blue Lake,1826.5
124.5,0.32669407467665396,0,0,Blue Lake,1825.5
125.5,0.1750592913484919,1,0,Blue Lake,1824.5
126.5,-0.015405486322070276,0,0,Blue Lake,1823.5
127.5,-0.02745025850569236,0,0,Blue Lake,1822.5
128.5,-0.011075025380668,0,0,Blue Lake,1821.5
129.5,-0.029879787109009806,0,0,Blue Lake,1820.5
130.5,-0.03687454382783704,0,0,Blue Lake,1819.5
131.5,-0.011899295652677444,0,0,Blue Lake,1818.5
132.5,-0.004254042658936107,0,0,Blue Lake,1817.5
133.5,-0.027138784914100697,0,0,Blue Lake,1816.5
134.5,-0.03641352246853129,0,0,Blue Lake,1815.5
135.5,-0.04179825535423254,0,0,Blue Lake,1814.5
136.5,-0.03852298355866031,0,0,Blue Lake,1813.5
137.5,0.006052292965147532,0,0,Blue Lake,1812.5
138.5,-0.03830242569559301,0,0,Blue Lake,1811.5
139.5,-0.03778713945198394,0,0,Blue Lake,1810.5
140.5,0.06914815182424339,1,0,Blue Lake,1809.5
141.5,0.00650344827478859,0,0,Blue Lake,1808.5
142.5,-0.04500124999373098,0,0,Blue Lake,1807.5
143.5,-0.04527594289064969,0,0,Blue Lake,1806.5
144.5,0.007249369719744915,0,0,Blue Lake,1805.5
145.5,-0.022945311996158006,0,0,Blue Lake,1804.5
146.5,-0.03970998785809169,0,0,Blue Lake,1803.5
147.5,-0.04154465767132814,0,0,Blue Lake,1802.5
148.5,0.003030678804406252,0,0,Blue Lake,1801.5
149.5,-0.02517397816238757,0,0,Blue Lake,1800.5
150.5,0.0056013717129816815,0,0,Blue Lake,1799.5
151.5,-0.031073271275525234,0,0,Blue Lake,1798.5
152.5,-0.016397906821557506,0,0,Blue Lake,1797.5
153.5,-0.026272534601832084,0,0,Blue Lake,1796.5
154.5,0.3705828457344879,1,0,Blue Lake,1795.5
155.5,-0.010571765510998796,0,0,Blue Lake,1794.5
156.5,-0.04401636828056477,0,0,Blue Lake,1793.5
157.5,-0.030640962571534102,0,0,Blue Lake,1792.5
158.5,-0.04939554833791632,0,0,Blue Lake,1791.5
159.5,-0.035270125501971894,0,0,Blue Lake,1790.5
160.5,0.7814453060650263,1,0,Blue Lake,1789.5
161.5,-0.04538925361563265,0,0,Blue Lake,1788.5
162.5,-0.01521380504404584,0,0,Blue Lake,1787.5
163.5,-0.0373383488263209,0,0,Blue Lake,1786.5
164.5,-0.03761288553898473,0,0,Blue Lake,1785.5
165.5,-0.021237415728185362,0,0,Blue Lake,1784.5
166.5,-0.016311939899543083,0,0,Blue Lake,1783.5
167.5,0.009083541461133701,0,0,Blue Lake,1782.5
168.5,0.06593902788542243,1,0,Blue Lake,1781.5
169.5,-0.04086548111376344,0,0,Blue Lake,1780.5
170.5,-0.05700998606002009,0,0,Blue Lake,1779.5
171.5,-0.04493448745361624,0,0,Blue Lake,1778.5
172.5,-0.04840898573738114,0,0,Blue Lake,1777.5
173.5,0.010836518692191238,0,0,Blue Lake,1776.5
174.5,-0.012987974519262868,0,0,Blue Lake,1775.5
175.5,-0.04686246572553195,0,0,Blue Lake,1774.5
176.5,-0.0358569552628696,0,0,Blue Lake,1773.5
177.5,-0.03506144342877214,0,0,Blue Lake,1772.5
178.5,0.025754069520094347,0,0,Blue Lake,1771.5
179.5,-0.04713041664857952,0,0,Blue Lake,1770.5
180.5,-0.04388490216930221,0,0,Blue Lake,1769.5
181.5,-0.030509387242021083,0,0,Blue Lake,1768.5
182.5,-0.009343872021973842,0,0,Blue Lake,1767.5
183.5,-0.05625835663480143,0,0,Blue Lake,1766.5
184.5,-0.051702841184203784,0,0,Blue Lake,1765.5
84.5,0.9191142726692458,1,0,C2,1865.5
85.5,-0.057777433685217275,0,0,C2,1864.5
86.5,-0.034923789850783774,0,0,C2,1863.5
87.5,-0.06182271280495563,0,0,C2,1862.5
88.5,-0.011019452018098536,0,0,C2,1861.5
89.5,-0.031752182995839706,0,0,C2,1860.5
90.5,-0.06318726915744846,0,0,C2,1859.5
91.5,-0.05788829422793443,0,0,C2,1858.5
92.5,-0.06569184077546225,0,0,C2,1857.5
93.5,0.17132792200952632,1,0,C2,1856.5
94.5,-0.06672077693396286,0,0,C2,1855.5
95.5,-0.0545255631175427,0,0,C2,1854.5
96.5,-0.021498227146548005,0,0,C2,1853.5
97.5,-0.05036046577580974,0,0,C2,1852.5
98.5,-0.04023606419304131,0,0,C2,1851.5
99.5,-0.0119143679798185,0,0,C2,1850.5
100.5,-0.06769391356575613,0,0,C2,1849.5
101.5,0.0054818680779247925,0,0,C2,1848.5
102.5,-0.06799709593284677,0,0,C2,1847.5
103.5,-0.0758973239651021,0,0,C2,1846.5
104.5,-0.07140705558691521,0,0,C2,1845.5
105.5,-0.0769273952970517,0,0,C2,1844.5
106.5,-0.0332007614602684,0,0,C2,1843.5
107.5,-0.041891124592819295,0,0,C2,1842.5
108.5,0.20860412051140664,0,0,C2,1841.5
109.5,0.11184653461835208,1,0,C2,1840.5
110.5,-0.021700280187693488,0,0,C2,1839.5
111.5,-0.014284284444279996,0,0,C2,1838.5
112.5,-0.07495375729417435,0,0,C2,1837.5
113.5,0.006817247141579566,0,0,C2,1836.5
114.5,-0.024184412710647765,0,0,C2,1835.5
115.5,0.06251647066535597,0,0,C2,1834.5
116.5,0.045141851050374396,0,0,C2,1833.5
117.5,0.5935285070029102,1,0,C2,1832.5
118.5,-0.06892739397211023,0,0,C2,1831.5
119.5,-0.07467433215082869,0,0,C2,1830.5
120.5,-0.0799420117218216,0,0,C2,1829.5
121.5,-0.06622203344819251,0,0,C2,1828.5
122.5,-0.06716351362916394,0,0,C2,1827.5
123.5,0.025153651269862118,0,0,C2,1826.5
124.5,-0.08764952814611439,0,0,C2,1825.5
125.5,-0.026996489519115235,0,0,C2,1824.5
126.5,-0.089757287029896,0,0,C2,1823.5
127.5,-0.07233864695886685,0,0,C2,1822.5
128.5,-0.09815306612165316,0,0,C2,1821.5
129.5,-0.0849088150092599,0,0,C2,1820.5
130.5,0.06697924982337396,1,0,C2,1819.5
131.5,-0.07703635602789097,0,0,C2,1818.5
132.5,-0.05899588583527482,0,0,C2,1817.5
133.5,-0.07366513508944117,0,0,C2,1816.5
134.5,-0.08090905769284619,0,0,C2,1815.5
135.5,0.08847819140615187,1,0,C2,1814.5
136.5,0.009845821632182367,0,0,C2,1813.5
137.5,-0.1036145255609819,0,0,C2,1812.5
138.5,0.05646253852686259,0,0,C2,1811.5
139.5,-0.10656729678807003,0,0,C2,1810.5
140.5,-0.1080858297874972,0,0,C2,1809.5
141.5,-0.08516250719401233,0,0,C2,1808.5
142.5,-0.010165846492046729,0,0,C2,1807.5
143.5,-6.963513700480178e-4,0,0,C2,1806.5
144.5,-0.10625609088873822,0,0,C2,1805.5
145.5,-0.11954085519223627,0,0,C2,1804.5
146.5,-0.04694468841103075,0,0,C2,1803.5
147.5,0.004210115414818805,0,0,C2,1802.5
148.5,-0.050441131315202475,0,0,C2,1801.5
149.5,-0.061254918107735756,0,0,C2,1800.5
150.5,-0.10050443478593712,0,0,C2,1799.5
151.5,-0.07343134447317036,0,0,C2,1798.5
152.5,-0.0481836448832538,0,0,C2,1797.5
153.5,0.3123092392195839,1,0,C2,1796.5
154.5,-0.11395899404133861,0,0,C2,1795.5
155.5,0.2458338929800905,1,0,C2,1794.5
156.5,-0.09097456079408026,0,0,C2,1793.5
157.5,-0.12524469004118613,0,0,C2,1792.5
158.5,-0.059770271667810015,0,0,C2,1791.5
159.5,-0.12381485576145695,0,0,C2,1790.5
160.5,-0.10644231097844115,0,0,C2,1789.5
161.5,0.6811417119567679,1,0,C2,1788.5
162.5,-0.10301343977472877,0,0,C2,1787.5
163.5,-0.14672296876169783,0,0,C2,1786.5
164.5,-0.13947815610104708,0,0,C2,1785.5
165.5,-0.13612698818663804,0,0,C2,1784.5
166.5,0.07921788293706955,0,0,C2,1783.5
167.5,-0.13435896080907883,0,0,C2,1782.5
168.5,-0.13647005158637823,0,0,C2,1781.5
169.5,-0.14997209843614237,0,0,C2,1780.5
170.5,-0.11971288093394387,0,0,C2,1779.5
171.5,-0.16353278644748148,0,0,C2,1778.5
172.5,-0.09827688883498213,0,0,C2,1777.5
173.5,-0.15844083817392043,0,0,C2,1776.5
174.5,2.671174248301211,1,0,C2,1775.5
175.5,-0.12221441555537851,0,0,C2,1774.5
176.5,-0.12432047178288916,0,0,C2,1773.5
177.5,-0.1554516440498672,0,0,C2,1772.5
178.5,-0.16351227960840137,0,0,C2,1771.5
179.5,0.17762500810955567,1,0,C2,1770.5
180.5,-0.11501502977959258,0,0,C2,1769.5
181.5,-0.16977432061859088,0,0,C2,1768.5
182.5,-0.1773132500895588,0,0,C2,1767.5
183.5,-0.1739493616580358,0,0,C2,1766.5
184.5,0.09269703245091737,1,0,C2,1765.5
84.5,-0.10738375601522458,0,0,Chala,1865.5
85.5,-0.11073540055695079,0,0,Chala,1864.5
86.5,-0.050086091400676325,0,0,Chala,1863.5
87.5,0.330565744680126,1,0,Chala,1862.5
88.5,-0.07577833832869021,0,0,Chala,1861.5
89.5,0.23988169558441566,1,0,Chala,1860.5
90.5,-0.12745444448806326,0,0,Chala,1859.5
91.5,-0.1307880170980935,0,0,Chala,1858.5
92.5,-0.10611975938318322,0,0,Chala,1857.5
93.5,-0.05244947154131563,0,0,Chala,1856.5
94.5,-0.032776166026812575,0,0,Chala,1855.5
95.5,-0.08009843839186878,0,0,Chala,1854.5
96.5,0.21658547427645097,1,0,Chala,1853.5
97.5,-0.12272252086474764,0,0,Chala,1852.5
98.5,-0.16502132355567636,0,0,Chala,1851.5
99.5,-0.11230931201076882,0,0,Chala,1850.5
100.5,-0.1325836993106439,0,0,Chala,1849.5
101.5,0.8241592064280271,1,0,Chala,1848.5
102.5,0.052922907958162735,0,0,Chala,1847.5
103.5,-0.20229319456244832,0,0,Chala,1846.5
104.5,-0.2004907086241826,0,0,Chala,1845.5
105.5,-0.20867008076205126,0,0,Chala,1844.5
106.5,-0.17983017785611294,0,0,Chala,1843.5
107.5,-0.20296838406364498,0,0,Chala,1842.5
108.5,0.10191939675998471,0,0,Chala,1841.5
109.5,0.17483832900255963,1,0,Chala,1840.5
110.5,-0.08420684526579941,0,0,Chala,1839.5
111.5,-0.035212347633234053,0,0,Chala,1838.5
112.5,-0.1531740903794673,0,0,Chala,1837.5
113.5,-0.22808757054803483,0,0,Chala,1836.5
114.5,-0.1589471156866789,0,0,Chala,1835.5
115.5,-0.21774557331723018,0,0,Chala,1834.5
116.5,-0.23647435874964398,0,0,Chala,1833.5
117.5,-0.10412335739406642,0,0,Chala,1832.5
118.5,-0.2346807845844112,0,0,Chala,1831.5
119.5,-0.15313380658967546,0,0,Chala,1830.5
120.5,-0.21946800756598275,0,0,Chala,1829.5
121.5,0.5263323008673507,1,0,Chala,1828.5
122.5,0.1402835190149106,0,0,Chala,1827.5
123.5,-0.21260058616449745,0,0,Chala,1826.5
124.5,0.02569272506202175,0,0,Chala,1825.5
125.5,-0.18382302163142442,0,0,Chala,1824.5
126.5,-0.23013385117040938,0,0,Chala,1823.5
127.5,-0.25122468190282793,0,0,Chala,1822.5
128.5,2.867921359007551,1,0,Chala,1821.5
129.5,-0.1686809973997424,0,0,Chala,1820.5
130.5,-0.16903088795586868,0,0,Chala,1819.5
131.5,1.174869913880031,0,0,Chala,1818.5
132.5,1.027019300204445,1,0,Chala,1817.5
133.5,-0.07259193378807854,0,0,Chala,1816.5
134.5,-0.14697948660873666,0,0,Chala,1815.5
135.5,0.13284011620087222,0,0,Chala,1814.5
136.5,-0.12214890208705631,0,0,Chala,1813.5
137.5,-0.14396273194617254,0,0,Chala,1812.5
138.5,-0.16361685047893443,0,0,Chala,1811.5
139.5,-0.237125729720776,0,0,Chala,1810.5
140.5,-0.19650245250688916,0,0,Chala,1809.5
141.5,-0.06275853175831492,0,0,Chala,1808.5
142.5,-0.135904028472637,0,0,Chala,1807.5
143.5,-0.1549483480621991,0,0,Chala,1806.5
144.5,0.07110014518816271,0,0,Chala,1805.5
145.5,0.03823387154666974,0,0,Chala,1804.5
146.5,0.1514451183943485,0,0,Chala,1803.5
147.5,-0.14627437872798127,0,0,Chala,1802.5
148.5,-0.21893343550892685,0,0,Chala,1801.5
149.5,0.15845988002741387,1,0,Chala,1800.5
150.5,-0.09510133525863301,0,0,Chala,1799.5
151.5,-0.06762446195294644,0,0,Chala,1798.5
152.5,-0.17011644257145525,0,0,Chala,1797.5
153.5,-0.20658361476401524,0,0,Chala,1796.5
154.5,-0.18003104127986402,0,0,Chala,1795.5
155.5,-0.19046236846497308,0,0,Chala,1794.5
156.5,-0.07987976558515172,0,0,Chala,1793.5
157.5,0.10271582226389275,0,0,Chala,1792.5
158.5,-0.0746759721349819,0,0,Chala,1791.5
159.5,-0.2000559016567169,0,0,Chala,1790.5
160.5,0.1865758411050822,1,0,Chala,1789.5
161.5,0.15021987373755677,0,0,Chala,1788.5
162.5,0.04787599150387159,0,0,Chala,1787.5
163.5,0.5785428805230737,1,0,Chala,1786.5
164.5,0.12121811822264003,0,0,Chala,1785.5
165.5,-0.056103903084461254,0,0,Chala,1784.5
166.5,-0.16143001374505342,0,0,Chala,1783.5
167.5,-0.1307667567141722,0,0,Chala,1782.5
168.5,-0.17611957963440716,0,0,Chala,1781.5
169.5,-0.16449288613297572,0,0,Chala,1780.5
170.5,-0.10588977802663954,0,0,Chala,1779.5
171.5,-0.12031220839465664,0,0,Chala,1778.5
172.5,-0.08176120089618244,0,0,Chala,1777.5
173.5,-0.1580769679036112,0,0,Chala,1776.5
174.5,-0.05573892705122588,0,0,Chala,1775.5
175.5,-0.13826555249410208,0,0,Chala,1774.5
176.5,-0.10781463725418608,0,0,Chala,1773.5
177.5,0.08661690692834892,0,0,Chala,1772.5
178.5,-0.045967201473462005,0,0,Chala,1771.5
179.5,-0.064563505365408,0,0,Chala,1770.5
180.5,0.23783167221804777,1,0,Chala,1769.5
181.5,-0.05977792103642446,0,0,Chala,1768.5
182.5,0.3266104292644834,0,0,Chala,1767.5
183.5,0.16899901897486658,1,0,Chala,1766.5
184.5,-0.12761163750281432,0,0,Chala,1765.5
84.5,-0.06563915899540385,0,0,DV09,1865.5
85.5,-0.06485498310353352,0,0,DV09,1864.5
86.5,-0.050937207147295153,0,0,DV09,1863.5
87.5,-0.078785431020132,0,0,DV09,1862.5
88.5,-0.0807079545647107,0,0,DV09,1861.5
89.5,-0.0826257775646293,0,0,DV09,1860.5
90.5,-0.08080759973141999,0,0,DV09,1859.5
91.5,-0.09150382071340837,0,0,DV09,1858.5
92.5,3.331516759917149,1,0,DV09,1857.5
93.5,-0.10596105782260622,0,0,DV09,1856.5
94.5,-0.10763137574052623,0,0,DV09,1855.5
95.5,-0.10504869604536099,0,0,DV09,1854.5
96.5,-0.11440252084541415,0,0,DV09,1853.5
97.5,-0.11197875217115946,0,0,DV09,1852.5
98.5,-0.08595869194594045,0,0,DV09,1851.5
99.5,-0.10042654201646564,0,0,DV09,1850.5
100.5,-0.10444440413683975,0,0,DV09,1849.5
101.5,0.10865782000564292,0,0,DV09,1848.5
102.5,-0.12485847120224791,0,0,DV09,1847.5
103.5,-0.13669647942023289,0,0,DV09,1846.5
104.5,-0.14204680621561386,0,0,DV09,1845.5
105.5,-0.020325953061701374,0,0,DV09,1844.5
106.5,-0.14066942130994975,0,0,DV09,1843.5
107.5,-0.10143031228240826,0,0,DV09,1842.5
108.5,-0.12882222718323627,0,0,DV09,1841.5
109.5,-0.1588219671454034,0,0,DV09,1840.5
110.5,-0.15988603316962471,0,0,DV09,1839.5
111.5,-0.12803962615227307,0,0,DV09,1838.5
112.5,-0.15273374683484514,0,0,DV09,1837.5
113.5,-0.156387195869854,0,0,DV09,1836.5
114.5,-0.04752857375782171,0,0,DV09,1835.5
115.5,-0.18649708091154335,0,0,DV09,1834.5
116.5,-0.18657451764108976,0,0,DV09,1833.5
117.5,-0.18046608414854343,0,0,DV09,1832.5
118.5,-0.15660798045098479,0,0,DV09,1831.5
119.5,-0.13329180644681166,0,0,DV09,1830.5
120.5,-0.1473725618724786,0,0,DV09,1829.5
121.5,-0.20123704637864714,0,0,DV09,1828.5
122.5,-0.1588165594552987,0,0,DV09,1827.5
123.5,-0.20659230046928162,0,0,DV09,1826.5
124.5,-0.19163636860926572,0,0,DV09,1825.5
125.5,-0.07711996293241913,0,0,DV09,1824.5
126.5,-0.21220978231598728,0,0,DV09,1823.5
127.5,-0.18562582557127144,0,0,DV09,1822.5
128.5,-0.22278889132047178,0,0,DV09,1821.5
129.5,-0.23896907805541606,0,0,DV09,1820.5
130.5,-0.23978878404983633,0,0,DV09,1819.5
131.5,-0.2308047074138469,0,0,DV09,1818.5
132.5,-0.2412764460233166,0,0,DV09,1817.5
133.5,-0.24740199759274842,0,0,DV09,1816.5
134.5,-0.24178385960018745,0,0,DV09,1815.5
135.5,-0.24188682935289524,0,0,DV09,1814.5
136.5,-0.22058150391977707,0,0,DV09,1813.5
137.5,0.3014558197950727,1,0,DV09,1812.5
138.5,-0.1966905549626641,0,0,DV09,1811.5
139.5,-0.12157522509221355,0,0,DV09,1810.5
140.5,-0.18186978737338688,0,0,DV09,1809.5
141.5,-0.23315333849969555,0,0,DV09,1808.5
142.5,-0.2611331749791778,0,0,DV09,1807.5
143.5,-0.23160459316182364,0,0,DV09,1806.5
144.5,-0.244221889152979,0,0,DV09,1805.5
145.5,-0.284089258891551,0,0,DV09,1804.5
146.5,-0.29391499807474314,0,0,DV09,1803.5
147.5,-0.294206302198748,0,0,DV09,1802.5
148.5,-0.3001244664822846,0,0,DV09,1801.5
149.5,2.6476568140712056,0,0,DV09,1800.5
150.5,0.19940644432885568,1,0,DV09,1799.5
151.5,-0.2724118723385129,0,0,DV09,1798.5
152.5,0.4023333670273697,0,0,DV09,1797.5
153.5,0.44586356542282823,1,0,DV09,1796.5
154.5,-0.24825767437528382,0,0,DV09,1795.5
155.5,-0.3159210498896825,0,0,DV09,1794.5
156.5,-0.30113305849422956,0,0,DV09,1793.5
157.5,-0.2637205973371732,0,0,DV09,1792.5
158.5,-0.33019036329062224,0,0,DV09,1791.5
159.5,-0.3376246530173824,0,0,DV09,1790.5
160.5,12.448861637113687,1,0,DV09,1789.5
161.5,-0.34425469079501586,0,0,DV09,1788.5
162.5,-0.3271922414771654,0,0,DV09,1787.5
163.5,0.10067577880970596,0,0,DV09,1786.5
164.5,-0.36185913595282115,0,0,DV09,1785.5
165.5,-0.35213649176461437,0,0,DV09,1784.5
166.5,-0.35576509436768183,0,0,DV09,1783.5
167.5,-0.36631184922672233,0,0,DV09,1782.5
168.5,-0.374825061488571,0,0,DV09,1781.5
169.5,-0.3728163360111714,0,0,DV09,1780.5
170.5,-0.37125147732295394,0,0,DV09,1779.5
171.5,-0.3559865896557354,0,0,DV09,1778.5
172.5,-0.36646327691721386,0,0,DV09,1777.5
173.5,-0.3878378427270647,0,0,DV09,1776.5
174.5,-0.3895981903834257,0,0,DV09,1775.5
175.5,-0.400524722874023,0,0,DV09,1774.5
176.5,-0.3591009428479564,0,0,DV09,1773.5
177.5,0.20049564736422643,1,0,DV09,1772.5
178.5,-0.40357095433070567,0,0,DV09,1771.5
179.5,-0.4100967500391619,0,0,DV09,1770.5
180.5,-0.4117457416061908,0,0,DV09,1769.5
181.5,-0.4059968305393589,0,0,DV09,1768.5
182.5,-0.4228222179977724,0,0,DV09,1767.5
183.5,-0.3986447048004712,0,0,DV09,1766.5
184.5,-0.15698889141562378,0,0,DV09,1765.5
84.5,0.10050487900410078,0,0,Donard,1865.5
85.5,-0.024950503168240178,0,0,Donard,1864.5
86.5,-0.0011727079980492494,0,0,Donard,1863.5
87.5,-0.018327370279327,0,0,Donard,1862.5
88.5,-0.014769550703180638,0,0,Donard,1861.5
89.5,0.007186731931243209,0,0,Donard,1860.5
90.5,-0.023261696857462953,0,0,Donard,1859.5
91.5,-0.03387792118744992,0,0,Donard,1858.5
92.5,-0.024183588782309882,0,0,Donard,1857.5
93.5,-0.04340821445733307,0,0,Donard,1856.5
94.5,-0.007669228419354461,0,0,Donard,1855.5
95.5,0.027268330563630844,0,0,Donard,1854.5
96.5,-0.03854998585719155,0,0,Donard,1853.5
97.5,0.06131059062943872,1,0,Donard,1852.5
98.5,-0.019824352090541404,0,0,Donard,1851.5
99.5,-0.03505148044837113,0,0,Donard,1850.5
100.5,0.06407321718274289,1,0,Donard,1849.5
101.5,0.010974829698655833,0,0,Donard,1848.5
102.5,0.06292576368392516,1,0,Donard,1847.5
103.5,-0.005183653691919192,0,0,Donard,1846.5
104.5,-0.04965606938018393,0,0,Donard,1845.5
105.5,-0.043694110777415,0,0,Donard,1844.5
106.5,-0.04807741205177254,0,0,Donard,1843.5
107.5,0.007667534624499248,0,0,Donard,1842.5
108.5,-0.047252989892741126,0,0,Donard,1841.5
109.5,0.08796797788293009,0,0,Donard,1840.5
110.5,0.0800285871149739,0,0,Donard,1839.5
111.5,0.08206236035140828,1,0,Donard,1838.5
112.5,-0.04609287673023726,0,0,Donard,1837.5
113.5,-0.03527366514772039,0,0,Donard,1836.5
114.5,-0.03563482797412143,0,0,Donard,1835.5
115.5,-0.019898654352426055,0,0,Donard,1834.5
116.5,-0.05502500103307797,0,0,Donard,1833.5
117.5,0.0222181841573387,0,0,Donard,1832.5
118.5,-0.022264373028002833,0,0,Donard,1831.5
119.5,-0.0418681884374604,0,0,Donard,1830.5
120.5,-0.0464873879618863,0,0,Donard,1829.5
121.5,-0.024343417620924783,0,0,Donard,1828.5
122.5,0.029165363332914446,0,0,Donard,1827.5
123.5,0.006071837727417137,0,0,Donard,1826.5
124.5,-0.03521215975294029,0,0,Donard,1825.5
125.5,-0.03997512434854541,0,0,Donard,1824.5
126.5,0.09443662733943815,1,0,Donard,1823.5
127.5,-0.03822214987013936,0,0,Donard,1822.5
128.5,0.11120988090784392,1,0,Donard,1821.5
129.5,0.020953314928440075,0,0,Donard,1820.5
130.5,0.3117838199992708,1,0,Donard,1819.5
131.5,-0.026579038778043497,0,0,Donard,1818.5
132.5,0.0018197696209028419,0,0,Donard,1817.5
133.5,-0.03206729188093077,0,0,Donard,1816.5
134.5,-0.023137032458606828,0,0,Donard,1815.5
135.5,-0.053734617289572024,0,0,Donard,1814.5
136.5,-0.05568298449061839,0,0,Donard,1813.5
137.5,0.13497827364194442,1,0,Donard,1812.5
138.5,-0.018758643487631337,0,0,Donard,1811.5
139.5,0.03527284779063144,0,0,Donard,1810.5
140.5,0.0064183280387542785,0,0,Donard,1809.5
141.5,-0.04604826227383586,0,0,Donard,1808.5
142.5,-0.03487303888994048,0,0,Donard,1807.5
143.5,-0.020839726304616876,0,0,Donard,1806.5
144.5,-0.002549494900386716,0,0,Donard,1805.5
145.5,-0.029392206313292073,0,0,Donard,1804.5
146.5,0.0047031069901863135,0,0,Donard,1803.5
147.5,-0.007731339693865628,0,0,Donard,1802.5
148.5,-0.01603300166127071,0,0,Donard,1801.5
149.5,-0.03460894722253944,0,0,Donard,1800.5
150.5,0.02386512235152269,0,0,Donard,1799.5
151.5,0.023274938901163,0,0,Donard,1798.5
152.5,-0.014904652009403562,0,0,Donard,1797.5
153.5,0.006879885583592399,0,0,Donard,1796.5
154.5,-0.036507461687306994,0,0,Donard,1795.5
155.5,-0.032272525937461646,0,0,Donard,1794.5
156.5,0.006110982790372359,0,0,Donard,1793.5
157.5,-0.00943885923906184,0,0,Donard,1792.5
158.5,-9.236780320856994e-4,0,0,Donard,1791.5
159.5,-0.030744806578983062,0,0,Donard,1790.5
160.5,-0.027502971073273312,0,0,Donard,1789.5
161.5,-0.003087196690601701,0,0,Donard,1788.5
162.5,-0.00786472720631709,0,0,Donard,1787.5
163.5,-0.018312323771451207,0,0,Donard,1786.5
164.5,0.009173954131817971,0,0,Donard,1785.5
165.5,0.02055882146846684,0,0,Donard,1784.5
166.5,-0.0036233947889227555,0,0,Donard,1783.5
167.5,-0.023839472463588574,0,0,Donard,1782.5
168.5,-0.0270059142002815,0,0,Donard,1781.5
169.5,-0.029347797589580886,0,0,Donard,1780.5
170.5,-0.026298238475893996,0,0,Donard,1779.5
171.5,-0.028098393215592224,0,0,Donard,1778.5
172.5,0.01182255363349509,0,0,Donard,1777.5
173.5,0.12459686658586958,1,0,Donard,1776.5
174.5,0.008125157835386282,0,0,Donard,1775.5
175.5,-0.009578120312889987,0,0,Donard,1774.5
176.5,0.015169780899634305,0,0,Donard,1773.5
177.5,0.03861175336350696,0,0,Donard,1772.5
178.5,-0.005250339558630385,0,0,Donard,1771.5
179.5,-0.020466601439910026,0,0,Donard,1770.5
180.5,-0.04513707914421819,0,0,Donard,1769.5
181.5,0.002619722373416823,0,0,Donard,1768.5
182.5,-0.04354234451644686,0,0,Donard,1767.5
183.5,-1.851600094162492e-5,0,0,Donard,1766.5
184.5,0.10319800481743736,1,0,Donard,1765.5
84.5,3.2569346900671214,1,0,East Lake,1865.5
85.5,-1.739664568229211,0,0,East Lake,1864.5
86.5,-1.851945938182347,0,0,East Lake,1863.5
87.5,-1.8058257256853656,0,0,East Lake,1862.5
88.5,-1.7319199294458465,0,0,East Lake,1861.5
89.5,-1.771142141111852,0,0,East Lake,1860.5
90.5,-1.5343296454280098,0,0,East Lake,1859.5
91.5,-1.7977697203900707,0,0,East Lake,1858.5
92.5,-1.6704395376015169,0,0,East Lake,1857.5
93.5,-1.397878761899102,0,0,East Lake,1856.5
94.5,-1.5445970516036407,0,0,East Lake,1855.5
95.5,4.70010094067846,1,0,East Lake,1854.5
96.5,-1.3350326357169928,0,0,East Lake,1853.5
97.5,8.339123058055135,1,0,East Lake,1852.5
98.5,-1.5224338441323648,0,0,East Lake,1851.5
99.5,-0.8195501284557223,0,0,East Lake,1850.5
100.5,7.469488518053144,1,0,East Lake,1849.5
101.5,-0.6351233934715412,0,0,East Lake,1848.5
102.5,24.118758529581374,1,0,East Lake,1847.5
103.5,-0.6396638392965799,0,0,East Lake,1846.5
104.5,-1.5270425888589254,0,0,East Lake,1845.5
105.5,-1.4913186210851115,0,0,East Lake,1844.5
106.5,-1.1913527324475397,0,0,East Lake,1843.5
107.5,-1.2653038138476995,0,0,East Lake,1842.5
108.5,-1.066379351140302,0,0,East Lake,1841.5
109.5,0.2633140744879765,0,0,East Lake,1840.5
110.5,-1.3470883145703758,0,0,East Lake,1839.5
111.5,-1.1949723951658042,0,0,East Lake,1838.5
112.5,-1.2723025398719185,0,0,East Lake,1837.5
113.5,-1.1014141165584548,0,0,East Lake,1836.5
114.5,-1.2860028881125951,0,0,East Lake,1835.5
115.5,-1.2708468130102846,0,0,East Lake,1834.5
116.5,-0.9245194446520822,0,0,East Lake,1833.5
117.5,-1.1128240318182,0,0,East Lake,1832.5
118.5,-1.232131019146263,0,0,East Lake,1831.5
119.5,-1.1306045471091313,0,0,East Lake,1830.5
120.5,-1.1145051513170685,0,0,East Lake,1829.5
121.5,-1.1252043630502973,0,0,East Lake,1828.5
122.5,-1.0773762090210797,0,0,East Lake,1827.5
123.5,-1.1140957117321821,0,0,East Lake,1826.5
124.5,-1.137666089221776,0,0,East Lake,1825.5
125.5,-1.0946107553368165,0,0,East Lake,1824.5
126.5,-1.1080132193177803,0,0,East Lake,1823.5
127.5,-1.043659886248549,0,0,East Lake,1822.5
128.5,-1.0227235567270225,0,0,East Lake,1821.5
129.5,-0.9868067274062169,0,0,East Lake,1820.5
130.5,-0.9509378907445786,0,0,East Lake,1819.5
131.5,-0.9911117355097199,0,0,East Lake,1818.5
132.5,-0.735008146495282,0,0,East Lake,1817.5
133.5,-0.9083232049826835,0,0,East Lake,1816.5
134.5,-0.8907253888953333,0,0,East Lake,1815.5
135.5,-0.5350946729014567,0,0,East Lake,1814.5
136.5,-0.7324870282016136,0,0,East Lake,1813.5
137.5,0.007754476279460132,0,0,East Lake,1812.5
138.5,2.5445754740698483,1,0,East Lake,1811.5
139.5,-0.5817046026976336,0,0,East Lake,1810.5
140.5,-0.06360462799239108,0,0,East Lake,1809.5
141.5,-0.3019905760716063,0,0,East Lake,1808.5
142.5,-0.6338216202613676,0,0,East Lake,1807.5
143.5,-0.1609940328244065,0,0,East Lake,1806.5
144.5,-0.547612783876827,0,0,East Lake,1805.5
145.5,-0.010562542520786367,0,0,East Lake,1804.5
146.5,0.11588662386820803,0,0,East Lake,1803.5
147.5,-0.24986105195282865,0,0,East Lake,1802.5
148.5,0.21884886281591454,0,0,East Lake,1801.5
149.5,2.2864785012359823,1,0,East Lake,1800.5
150.5,0.6098526946330207,0,0,East Lake,1799.5
151.5,3.6534071676317716,1,0,East Lake,1798.5
152.5,-0.27404046046483915,0,0,East Lake,1797.5
153.5,-0.2531219803070616,0,0,East Lake,1796.5
154.5,-0.3614390838943963,0,0,East Lake,1795.5
155.5,0.05426033769649374,0,0,East Lake,1794.5
156.5,-0.3024008053810313,0,0,East Lake,1793.5
157.5,0.042201097169603685,0,0,East Lake,1792.5
158.5,-0.33796834348034077,0,0,East Lake,1791.5
159.5,-0.334120815992644,0,0,East Lake,1790.5
160.5,-0.15621550781466598,0,0,East Lake,1789.5
161.5,-0.03221110532866567,0,0,East Lake,1788.5
162.5,-0.28720919413823,0,0,East Lake,1787.5
163.5,-0.15598855959731503,0,0,East Lake,1786.5
164.5,0.4562323139363894,0,0,East Lake,1785.5
165.5,-0.09033665771291496,0,0,East Lake,1784.5
166.5,-0.10462665964354256,0,0,East Lake,1783.5
167.5,0.047036822946130485,0,0,East Lake,1782.5
168.5,0.06795080526163683,0,0,East Lake,1781.5
169.5,-0.06384019768710225,0,0,East Lake,1780.5
170.5,0.008145429034103313,0,0,East Lake,1779.5
171.5,-0.11670429960919983,0,0,East Lake,1778.5
172.5,0.15160503152615729,0,0,East Lake,1777.5
173.5,0.08971423770914416,0,0,East Lake,1776.5
174.5,0.0013664338990550112,0,0,East Lake,1775.5
175.5,-0.045500465344243214,0,0,East Lake,1774.5
176.5,0.3225623545652088,0,0,East Lake,1773.5
177.5,0.1996396080674563,0,0,East Lake,1772.5
178.5,0.05118800870386646,0,0,East Lake,1771.5
179.5,1.136467669206585,1,0,East Lake,1770.5
180.5,0.34913160133430565,0,0,East Lake,1769.5
181.5,0.07414981357668518,0,0,East Lake,1768.5
182.5,0.11667051273989995,0,0,East Lake,1767.5
183.5,1.2777257051127735,1,0,East Lake,1766.5
184.5,0.21507439580540286,0,0,East Lake,1765.5
84.5,0.04970867650578037,0,0,Elk Lake,1865.5
85.5,0.13145982314991378,0,0,Elk Lake,1864.5
86.5,0.03990099729656427,0,0,Elk Lake,1863.5
87.5,-0.14172209247640707,0,0,Elk Lake,1862.5
88.5,0.12313793733291878,0,0,Elk Lake,1861.5
89.5,-0.16481284745987998,0,0,Elk Lake,1860.5
90.5,-0.016690468738950637,0,0,Elk Lake,1859.5
91.5,0.04360593463561413,0,0,Elk Lake,1858.5
92.5,-0.03924609250799202,0,0,Elk Lake,1857.5
93.5,-0.03886856088507293,0,0,Elk Lake,1856.5
94.5,-0.22132019424496605,0,0,Elk Lake,1855.5
95.5,-0.06888844590326682,0,0,Elk Lake,1854.5
96.5,0.10095602626668732,0,0,Elk Lake,1853.5
97.5,0.3199751477370175,0,0,Elk Lake,1852.5
98.5,0.08856610865306169,0,0,Elk Lake,1851.5
99.5,-0.012210311895911152,0,0,Elk Lake,1850.5
100.5,0.10608980976513877,0,0,Elk Lake,1849.5
101.5,-0.0013228270735979875,0,0,Elk Lake,1848.5
102.5,-0.19186427721639554,0,0,Elk Lake,1847.5
103.5,-0.16125073013738178,0,0,Elk Lake,1846.5
104.5,-0.04591377436754829,0,0,Elk Lake,1845.5
105.5,-0.22488241961569275,0,0,Elk Lake,1844.5
106.5,-0.02548302755825327,0,0,Elk Lake,1843.5
107.5,-0.11635510832427187,0,0,Elk Lake,1842.5
108.5,-0.0781850384444795,0,0,Elk Lake,1841.5
109.5,-0.22632197270222493,0,0,Elk Lake,1840.5
110.5,-0.06007735645022244,0,0,Elk Lake,1839.5
111.5,0.07131182138654457,0,0,Elk Lake,1838.5
112.5,0.5374438737360387,0,0,Elk Lake,1837.5
113.5,0.5870161837233441,1,0,Elk Lake,1836.5
114.5,-0.08045595225627888,0,0,Elk Lake,1835.5
115.5,-0.078047033815695,0,0,Elk Lake,1834.5
116.5,-0.03317582610523517,0,0,Elk Lake,1833.5
117.5,0.44236741847455363,1,0,Elk Lake,1832.5
118.5,0.0413810073312193,0,0,Elk Lake,1831.5
119.5,-0.016330773116063124,0,0,Elk Lake,1830.5
120.5,-0.2201271529944389,0,0,Elk Lake,1829.5
121.5,-0.10637155811896121,0,0,Elk Lake,1828.5
122.5,-0.20195938735567856,0,0,Elk Lake,1827.5
123.5,-0.0608516964500036,0,0,Elk Lake,1826.5
124.5,-0.13011235418189732,0,0,Elk Lake,1825.5
125.5,0.009771141335042977,0,0,Elk Lake,1824.5
126.5,0.09352902173053812,0,0,Elk Lake,1823.5
127.5,0.1489688945409825,0,0,Elk Lake,1822.5
128.5,-0.03680079882971121,0,0,Elk Lake,1821.5
129.5,-0.05179173567970724,0,0,Elk Lake,1820.5
130.5,-0.04159389336625169,0,0,Elk Lake,1819.5
131.5,-0.033776191390072874,0,0,Elk Lake,1818.5
132.5,0.09267418691719065,0,0,Elk Lake,1817.5
133.5,-0.054898746007095794,0,0,Elk Lake,1816.5
134.5,-0.05484050956445599,0,0,Elk Lake,1815.5
135.5,-0.20726679156516692,0,0,Elk Lake,1814.5
136.5,0.11982941933629015,0,0,Elk Lake,1813.5
137.5,-0.22073455722729274,0,0,Elk Lake,1812.5
138.5,-0.1537796219566191,0,0,Elk Lake,1811.5
139.5,0.0907441615460603,0,0,Elk Lake,1810.5
140.5,0.35950365702040704,1,0,Elk Lake,1809.5
141.5,-0.08546132457745503,0,0,Elk Lake,1808.5
142.5,0.025439681370582445,0,0,Elk Lake,1807.5
143.5,0.12243825860384888,0,0,Elk Lake,1806.5
144.5,-0.05705718533614468,0,0,Elk Lake,1805.5
145.5,-0.09275120365183359,0,0,Elk Lake,1804.5
146.5,0.3079717542237441,0,0,Elk Lake,1803.5
147.5,0.06128337024434105,0,0,Elk Lake,1802.5
148.5,-0.1637985253871647,0,0,Elk Lake,1801.5
149.5,-0.016951307002965266,0,0,Elk Lake,1800.5
150.5,0.05046038925172658,0,0,Elk Lake,1799.5
151.5,-0.22245717404872248,0,0,Elk Lake,1798.5
152.5,0.1147377531267968,0,0,Elk Lake,1797.5
153.5,-0.06387670640414184,0,0,Elk Lake,1796.5
154.5,-0.10228051827527257,0,0,Elk Lake,1795.5
155.5,-0.13575747450035275,0,0,Elk Lake,1794.5
156.5,0.26621937927377537,0,0,Elk Lake,1793.5
157.5,-0.05066253833681722,0,0,Elk Lake,1792.5
158.5,-0.05382415598184165,0,0,Elk Lake,1791.5
159.5,0.12963064770067156,0,0,Elk Lake,1790.5
160.5,0.04924078920143282,0,0,Elk Lake,1789.5
161.5,-0.05682680126980788,0,0,Elk Lake,1788.5
162.5,0.25732633492386553,0,0,Elk Lake,1787.5
163.5,-0.1471107332934663,0,0,Elk Lake,1786.5
164.5,-0.2737878810351983,0,0,Elk Lake,1785.5
165.5,0.023146999358270137,0,0,Elk Lake,1784.5
166.5,0.026595662358466776,0,0,Elk Lake,1783.5
167.5,0.10287423434189369,0,0,Elk Lake,1782.5
168.5,0.1509633597245067,0,0,Elk Lake,1781.5
169.5,0.1967143611512553,0,0,Elk Lake,1780.5
170.5,-0.08631316652998028,0,0,Elk Lake,1779.5
171.5,-0.16449216085958498,0,0,Elk Lake,1778.5
172.5,-0.039006493435081446,0,0,Elk Lake,1777.5
173.5,-0.03337484072461527,0,0,Elk Lake,1776.5
174.5,-0.17236133752492722,0,0,Elk Lake,1775.5
175.5,0.19196225920264565,0,0,Elk Lake,1774.5
176.5,-0.0844919393901572,0,0,Elk Lake,1773.5
177.5,-0.10964746575367357,0,0,Elk Lake,1772.5
178.5,0.19869636193812107,0,0,Elk Lake,1771.5
179.5,-0.017074044361522267,0,0,Elk Lake,1770.5
180.5,-0.10930440036428901,0,0,Elk Lake,1769.5
181.5,0.12182931602771674,0,0,Elk Lake,1768.5
182.5,-0.13463575061887492,0,0,Elk Lake,1767.5
183.5,0.04822005914574867,0,0,Elk Lake,1766.5
184.5,0.04794303505542874,0,0,Elk Lake,1765.5
84.5,10.379747463192981,0,0,Hvítárvatn_1,1865.5
85.5,-6.2936681044301785,0,0,Hvítárvatn_1,1864.5
86.5,-0.709826980295837,0,0,Hvítárvatn_1,1863.5
87.5,-18.765392584450954,0,0,Hvítárvatn_1,1862.5
88.5,-22.962676437177468,0,0,Hvítárvatn_1,1861.5
89.5,-18.684594052376603,0,0,Hvítárvatn_1,1860.5
90.5,-14.145940243191312,0,0,Hvítárvatn_1,1859.5
91.5,15.827446049129904,0,0,Hvítárvatn_1,1858.5
92.5,-18.5375372208441,0,0,Hvítárvatn_1,1857.5
93.5,3.437793174370224,0,0,Hvítárvatn_1,1856.5
94.5,36.03481411319186,0,0,Hvítárvatn_1,1855.5
95.5,27.66231698463206,0,0,Hvítárvatn_1,1854.5
96.5,23.304418925958412,1,0,Hvítárvatn_1,1853.5
97.5,13.278103885726416,0,0,Hvítárvatn_1,1852.5
98.5,80.90574364174802,1,0,Hvítárvatn_1,1851.5
99.5,-2.64376367922117,0,0,Hvítárvatn_1,1850.5
100.5,-16.098656788369823,0,0,Hvítárvatn_1,1849.5
101.5,-10.636718488966649,0,0,Hvítárvatn_1,1848.5
102.5,-12.225659212668424,0,0,Hvítárvatn_1,1847.5
103.5,-17.68768687195987,0,0,Hvítárvatn_1,1846.5
104.5,-12.944087105350555,0,0,Hvítárvatn_1,1845.5
105.5,15.533086118491813,0,0,Hvítárvatn_1,1844.5
106.5,-8.331446693317872,0,0,Hvítárvatn_1,1843.5
107.5,-10.185989502198684,0,0,Hvítárvatn_1,1842.5
108.5,1.0126583406969267,0,0,Hvítárvatn_1,1841.5
109.5,-0.3996883587190716,0,0,Hvítárvatn_1,1840.5
110.5,-12.407726570457687,0,0,Hvítárvatn_1,1839.5
111.5,-9.919616471764131,0,0,Hvítárvatn_1,1838.5
112.5,48.477821547306434,1,0,Hvítárvatn_1,1837.5
113.5,-11.082863575735539,0,0,Hvítárvatn_1,1836.5
114.5,-2.6431532230317103,0,0,Hvítárvatn_1,1835.5
115.5,-11.106233591533758,0,0,Hvítárvatn_1,1834.5
116.5,-2.800081773583228,0,0,Hvítárvatn_1,1833.5
117.5,-13.88647007063486,0,0,Hvítárvatn_1,1832.5
118.5,-10.547398859977394,0,0,Hvítárvatn_1,1831.5
119.5,-2.113219152312121,0,0,Hvítárvatn_1,1830.5
120.5,-9.299732855502453,0,0,Hvítárvatn_1,1829.5
121.5,-11.542154080974782,0,0,Hvítárvatn_1,1828.5
122.5,33.06836661479032,1,0,Hvítárvatn_1,1827.5
123.5,-6.702598219804138,0,0,Hvítárvatn_1,1826.5
124.5,-0.47751003222749056,0,0,Hvítárvatn_1,1825.5
125.5,7.893910908767346,0,0,Hvítárvatn_1,1824.5
126.5,-3.2805707165993656,0,0,Hvítárvatn_1,1823.5
127.5,-10.136876201767736,0,0,Hvítárvatn_1,1822.5
128.5,-0.2709804699063607,0,0,Hvítárvatn_1,1821.5
129.5,-5.611688806165556,0,0,Hvítárvatn_1,1820.5
130.5,-10.438008926214914,0,0,Hvítárvatn_1,1819.5
131.5,1.3669225648467087,0,0,Hvítárvatn_1,1818.5
132.5,6.829469258068677,0,0,Hvítárvatn_1,1817.5
133.5,-2.3914512925863516,0,0,Hvítárvatn_1,1816.5
134.5,0.9463627173431401,0,0,Hvítárvatn_1,1815.5
135.5,-8.688330137500161,0,0,Hvítárvatn_1,1814.5
136.5,-7.958911016576785,0,0,Hvítárvatn_1,1813.5
137.5,-4.829203356584791,0,0,Hvítárvatn_1,1812.5
138.5,-6.811460869174238,0,0,Hvítárvatn_1,1811.5
139.5,-2.978765470514557,0,0,Hvítárvatn_1,1810.5
140.5,0.37766264642483804,0,0,Hvítárvatn_1,1809.5
141.5,-3.433547065447045,0,0,Hvítárvatn_1,1808.5
142.5,27.02103317844805,1,0,Hvítárvatn_1,1807.5
143.5,4.0066060754729005,0,0,Hvítárvatn_1,1806.5
144.5,-5.094815334969738,0,0,Hvítárvatn_1,1805.5
145.5,2.184608165463075,0,0,Hvítárvatn_1,1804.5
146.5,4.325421173127262,0,0,Hvítárvatn_1,1803.5
147.5,11.511217768522977,0,0,Hvítárvatn_1,1802.5
148.5,18.53395232576868,1,0,Hvítárvatn_1,1801.5
149.5,0.35905162872968077,0,0,Hvítárvatn_1,1800.5
150.5,-2.2155399521895136,0,0,Hvítárvatn_1,1799.5
151.5,-1.3397659093735967,0,0,Hvítárvatn_1,1798.5
152.5,-5.547498066080923,0,0,Hvítárvatn_1,1797.5
153.5,-6.1642920616145185,0,0,Hvítárvatn_1,1796.5
154.5,-4.503426643147513,0,0,Hvítárvatn_1,1795.5
155.5,-2.7116775051282334,0,0,Hvítárvatn_1,1794.5
156.5,-0.7553157839987499,0,0,Hvítárvatn_1,1793.5
157.5,-5.864203796954881,0,0,Hvítárvatn_1,1792.5
158.5,-5.484901321374568,0,0,Hvítárvatn_1,1791.5
159.5,-2.7575086071145467,0,0,Hvítárvatn_1,1790.5
160.5,0.9344011278949775,0,0,Hvítárvatn_1,1789.5
161.5,-1.979626538668093,0,0,Hvítárvatn_1,1788.5
162.5,-4.398752091091901,0,0,Hvítárvatn_1,1787.5
163.5,-3.4567502571455173,0,0,Hvítárvatn_1,1786.5
164.5,0.20195501506446778,0,0,Hvítárvatn_1,1785.5
165.5,-4.070469100960658,0,0,Hvítárvatn_1,1784.5
166.5,-3.2054675109472557,0,0,Hvítárvatn_1,1783.5
167.5,-5.1773427878923055,0,0,Hvítárvatn_1,1782.5
168.5,-2.908527938118578,0,0,Hvítárvatn_1,1781.5
169.5,0.40080244582619873,0,0,Hvítárvatn_1,1780.5
170.5,1.931968707096317,0,0,Hvítárvatn_1,1779.5
171.5,2.3705686023994943,0,0,Hvítárvatn_1,1778.5
172.5,-4.409476269751942,0,0,Hvítárvatn_1,1777.5
173.5,-3.899531573664029,0,0,Hvítárvatn_1,1776.5
174.5,-0.48716642776354036,0,0,Hvítárvatn_1,1775.5
175.5,-3.215135651597437,0,0,Hvítárvatn_1,1774.5
176.5,2.298224385637213,0,0,Hvítárvatn_1,1773.5
177.5,-3.2690054241715125,0,0,Hvítárvatn_1,1772.5
178.5,5.069224868112197,1,0,Hvítárvatn_1,1771.5
179.5,-0.5799213820506335,0,0,Hvítárvatn_1,1770.5
180.5,4.004457332776488,0,0,Hvítárvatn_1,1769.5
181.5,9.434006561422898,0,0,Hvítárvatn_1,1768.5
182.5,9.44490318054296,0,0,Hvítárvatn_1,1767.5
183.5,10.292863993365955,0,0,Hvítárvatn_1,1766.5
184.5,5.446091575526927,1,0,Hvítárvatn_1,1765.5
84.5,6.601401346143808,1,0,Iceberg Lake_2,1865.5
85.5,-0.8421774355830667,0,0,Iceberg Lake_2,1864.5
86.5,-1.0107562200083287,0,0,Iceberg Lake_2,1863.5
87.5,-1.2063350095257752,0,0,Iceberg Lake_2,1862.5
88.5,-0.6699138061046919,0,0,Iceberg Lake_2,1861.5
89.5,-1.3364926112621884,0,0,Iceberg Lake_2,1860.5
90.5,-0.8600714261509541,0,0,Iceberg Lake_2,1859.5
91.5,-0.5486502514461444,0,0,Iceberg Lake_2,1858.5
92.5,-0.18722908745091615,0,0,Iceberg Lake_2,1857.5
93.5,0.052192065755713335,0,0,Iceberg Lake_2,1856.5
94.5,-1.3153867918168605,0,0,Iceberg Lake_2,1855.5
95.5,-1.1429656600711007,0,0,Iceberg Lake_2,1854.5
96.5,-0.9935445384651461,0,0,Iceberg Lake_2,1853.5
97.5,-1.2421234259805605,0,0,Iceberg Lake_2,1852.5
98.5,-1.0007023211536525,0,0,Iceberg Lake_2,1851.5
99.5,5.83571877796115,1,0,Iceberg Lake_2,1850.5
100.5,-1.160860126728759,0,0,Iceberg Lake_2,1849.5
101.5,-1.1154390347934897,0,0,Iceberg Lake_2,1848.5
102.5,0.46498205419480665,0,0,Iceberg Lake_2,1847.5
103.5,1.1684031410194715,0,0,Iceberg Lake_2,1846.5
104.5,-1.2671757736655835,0,0,Iceberg Lake_2,1845.5
105.5,-1.6107546894798455,0,0,Iceberg Lake_2,1844.5
106.5,-1.1823336056550957,0,0,Iceberg Lake_2,1843.5
107.5,-1.0859125208083702,0,0,Iceberg Lake_2,1842.5
108.5,-1.281491433035387,0,0,Iceberg Lake_2,1841.5
109.5,1.9519296600374205,0,0,Iceberg Lake_2,1840.5
110.5,10.996350761084937,1,0,Iceberg Lake_2,1839.5
111.5,-0.3322281284427344,0,0,Iceberg Lake_2,1838.5
112.5,-0.554807010264724,0,0,Iceberg Lake_2,1837.5
113.5,-0.9423858867398129,0,0,Iceberg Lake_2,1836.5
114.5,-0.6979647599781744,0,0,Iceberg Lake_2,1835.5
115.5,0.14545636825408215,0,0,Iceberg Lake_2,1834.5
116.5,-0.19412250355367533,0,0,Iceberg Lake_2,1833.5
117.5,-0.572701376896269,0,0,Iceberg Lake_2,1832.5
118.5,3.5277197468211146,1,0,Iceberg Lake_2,1831.5
119.5,-0.648859133885151,0,0,Iceberg Lake_2,1830.5
120.5,-1.5524380213900035,0,0,Iceberg Lake_2,1829.5
121.5,0.5889830819687705,0,0,Iceberg Lake_2,1828.5
122.5,-1.239595825704018,0,0,Iceberg Lake_2,1827.5
123.5,-1.143174746279541,0,0,Iceberg Lake_2,1826.5
124.5,-1.197753681238752,0,0,Iceberg Lake_2,1825.5
125.5,-0.8023326315812584,0,0,Iceberg Lake_2,1824.5
126.5,-0.6739115978310728,0,0,Iceberg Lake_2,1823.5
127.5,-1.3494905801652795,0,0,Iceberg Lake_2,1822.5
128.5,-0.7480695784167117,0,0,Iceberg Lake_2,1821.5
129.5,-1.1646485919503275,0,0,Iceberg Lake_2,1820.5
130.5,-0.08022761974092307,0,0,Iceberg Lake_2,1819.5
131.5,-1.1718066603882984,0,0,Iceberg Lake_2,1818.5
132.5,-0.33038571230027336,0,0,Iceberg Lake_2,1817.5
133.5,-0.8309647735368386,0,0,Iceberg Lake_2,1816.5
134.5,0.07745615808041206,0,0,Iceberg Lake_2,1815.5
135.5,-0.26212291502809637,0,0,Iceberg Lake_2,1814.5
136.5,-0.6407019903804638,0,0,Iceberg Lake_2,1813.5
137.5,4.530718934610381,0,0,Iceberg Lake_2,1812.5
138.5,1.8481398624198722,0,0,Iceberg Lake_2,1811.5
139.5,2.2195607941707975,1,0,Iceberg Lake_2,1810.5
140.5,0.9289817300084764,0,0,Iceberg Lake_2,1809.5
141.5,-0.7945973307399925,0,0,Iceberg Lake_2,1808.5
142.5,-0.20617638909848046,0,0,Iceberg Lake_2,1807.5
143.5,-1.1067554459267275,0,0,Iceberg Lake_2,1806.5
144.5,-0.598334501888037,0,0,Iceberg Lake_2,1805.5
145.5,-0.37691355728817255,0,0,Iceberg Lake_2,1804.5
146.5,-0.8774926121564306,0,0,Iceberg Lake_2,1803.5
147.5,-0.6800716663209803,0,0,Iceberg Lake_2,1802.5
148.5,-0.8196507192856295,0,0,Iceberg Lake_2,1801.5
149.5,-0.6162297702530521,0,0,Iceberg Lake_2,1800.5
150.5,3.4131911818987724,1,0,Iceberg Lake_2,1799.5
151.5,-0.8303878617232008,0,0,Iceberg Lake_2,1798.5
152.5,-1.0819669008556663,0,0,Iceberg Lake_2,1797.5
153.5,-1.3505459351723215,0,0,Iceberg Lake_2,1796.5
154.5,-1.5691249638879459,0,0,Iceberg Lake_2,1795.5
155.5,-0.63770398566246,0,0,Iceberg Lake_2,1794.5
156.5,0.8717170014251161,0,0,Iceberg Lake_2,1793.5
157.5,-0.8518620004836621,0,0,Iceberg Lake_2,1792.5
158.5,-1.6204409893808345,0,0,Iceberg Lake_2,1791.5
159.5,2.540980037025588,0,0,Iceberg Lake_2,1790.5
160.5,2.4044010813662444,0,0,Iceberg Lake_2,1789.5
161.5,2.805822145504913,1,0,Iceberg Lake_2,1788.5
162.5,0.06624323026839707,0,0,Iceberg Lake_2,1787.5
163.5,1.4016643355256195,1,0,Iceberg Lake_2,1786.5
164.5,-0.7409145391612093,0,0,Iceberg Lake_2,1785.5
165.5,3.071506605422396,1,0,Iceberg Lake_2,1784.5
166.5,0.9429277683900075,0,0,Iceberg Lake_2,1783.5
167.5,-0.8206510520179724,0,0,Iceberg Lake_2,1782.5
168.5,-1.3042298579767082,0,0,Iceberg Lake_2,1781.5
169.5,-1.0838086514111775,0,0,Iceberg Lake_2,1780.5
170.5,-1.4583874337473306,0,0,Iceberg Lake_2,1779.5
171.5,2.633033794079779,1,0,Iceberg Lake_2,1778.5
172.5,-1.3185449685637032,0,0,Iceberg Lake_2,1777.5
173.5,-1.0371237228542087,0,0,Iceberg Lake_2,1776.5
174.5,1.8422975302903772,1,0,Iceberg Lake_2,1775.5
175.5,-0.7802812097977658,0,0,Iceberg Lake_2,1774.5
176.5,2.347140055829088,1,0,Iceberg Lake_2,1773.5
177.5,-1.3364386739574687,0,0,Iceberg Lake_2,1772.5
178.5,-0.8600174007904198,0,0,Iceberg Lake_2,1771.5
179.5,-1.7635961260356758,0,0,Iceberg Lake_2,1770.5
180.5,-1.6621748506024954,0,0,Iceberg Lake_2,1769.5
181.5,1.337246425265286,0,0,Iceberg Lake_2,1768.5
182.5,1.10566770181727,0,0,Iceberg Lake_2,1767.5
183.5,-1.0729110210313015,0,0,Iceberg Lake_2,1766.5
184.5,-0.2734897436909023,0,0,Iceberg Lake_2,1765.5
84.5,-0.008458585214952477,0,0,Kallio Kourujärvi,1865.5
85.5,-0.008603353078153936,0,0,Kallio Kourujärvi,1864.5
86.5,0.004251942235420664,0,0,Kallio Kourujärvi,1863.5
87.5,-0.008892603884323495,0,0,Kallio Kourujärvi,1862.5
88.5,0.003963104284251118,0,0,Kallio Kourujärvi,1861.5
89.5,-0.009180808130718497,0,0,Kallio Kourujärvi,1860.5
90.5,-0.02032421400510627,0,0,Kallio Kourujärvi,1859.5
91.5,-0.009466929230588214,0,0,Kallio Kourujärvi,1858.5
92.5,0.018391336174196277,0,0,Kallio Kourujärvi,1857.5
93.5,-0.00974908479060732,0,0,Kallio Kourujärvi,1856.5
94.5,0.01811208227593894,0,0,Kallio Kourujärvi,1855.5
95.5,0.0029751152446461718,0,0,Kallio Kourujärvi,1854.5
96.5,-0.02115977884717115,0,0,Kallio Kourujärvi,1853.5
97.5,0.03470759860020958,0,0,Kallio Kourujärvi,1852.5
98.5,-0.010422504888023883,0,0,Kallio Kourujärvi,1851.5
99.5,-0.0305499548272207,0,0,Kallio Kourujärvi,1850.5
100.5,0.017325421990444845,0,0,Kallio Kourujärvi,1849.5
101.5,-0.010796077133884016,0,0,Kallio Kourujärvi,1848.5
102.5,0.017085813929049135,0,0,Kallio Kourujärvi,1847.5
103.5,0.0019713721337829004,0,0,Kallio Kourujärvi,1846.5
104.5,0.0018608094973515815,0,0,Kallio Kourujärvi,1845.5
105.5,-0.04324568889673074,0,0,Kallio Kourujärvi,1844.5
106.5,0.12165209634651833,1,0,Kallio Kourujärvi,1843.5
107.5,-0.03144556091655034,0,0,Kallio Kourujärvi,1842.5
108.5,-0.011538827300613612,0,0,Kallio Kourujärvi,1841.5
109.5,-0.022627850810014366,0,0,Kallio Kourujärvi,1840.5
110.5,0.001287325282429079,0,0,Kallio Kourujärvi,1839.5
111.5,-0.022793232943682115,0,0,Kallio Kourujärvi,1838.5
112.5,-0.02286941864912602,0,0,Kallio Kourujärvi,1837.5
113.5,0.0010589972519748844,0,0,Kallio Kourujärvi,1836.5
114.5,-0.012007637847941309,0,0,Kallio Kourujärvi,1835.5
115.5,-0.012068941629490328,0,0,Kallio Kourujärvi,1834.5
116.5,0.032875528739062763,0,0,Kallio Kourujärvi,1833.5
117.5,-0.032173752319126496,0,0,Kallio Kourujärvi,1832.5
118.5,7.835942469156393e-4,0,0,Kallio Kourujärvi,1831.5
119.5,0.0157480511884793,0,0,Kallio Kourujärvi,1830.5
120.5,-0.03227988714046609,0,0,Kallio Kourujärvi,1829.5
121.5,-0.032299757330424415,0,0,Kallio Kourujärvi,1828.5
122.5,0.015689056507799337,0,0,Kallio Kourujärvi,1827.5
123.5,-0.012312671827277223,0,0,Kallio Kourujärvi,1826.5
124.5,0.0156958094377831,0,0,Kallio Kourujärvi,1825.5
125.5,0.01571527383774654,0,0,Kallio Kourujärvi,1824.5
126.5,7.464216647392816e-4,0,0,Kallio Kourujärvi,1823.5
127.5,0.12078987156163706,1,0,Kallio Kourujärvi,1822.5
128.5,-0.039153909178296385,0,0,Kallio Kourujärvi,1821.5
129.5,9.150759999370581e-4,0,0,Kallio Kourujärvi,1820.5
130.5,0.051996857966885045,0,0,Kallio Kourujärvi,1819.5
131.5,0.03309145289369581,0,0,Kallio Kourujärvi,1818.5
132.5,-0.022801383613041223,0,0,Kallio Kourujärvi,1817.5
133.5,0.052317934917085,0,0,Kallio Kourujärvi,1816.5
134.5,-0.03855100177718377,0,0,Kallio Kourujärvi,1815.5
135.5,-0.022408758555732246,0,0,Kallio Kourujärvi,1814.5
136.5,0.0017442291630533902,0,0,Kallio Kourujärvi,1813.5
137.5,-0.038092336494593176,0,0,Kallio Kourujärvi,1812.5
138.5,-0.021918699312697437,0,0,Kallio Kourujärvi,1811.5
139.5,-0.02173491645211706,0,0,Kallio Kourujärvi,1810.5
140.5,-0.030540890897975667,0,0,Kallio Kourujärvi,1809.5
141.5,-0.010336374327830515,0,0,Kallio Kourujärvi,1808.5
142.5,-0.030120957045804475,0,0,Kallio Kourujärvi,1807.5
143.5,0.01810588210199282,0,0,Kallio Kourujärvi,1806.5
144.5,0.17934478147108257,1,0,Kallio Kourujärvi,1805.5
145.5,0.003596146198011886,0,0,Kallio Kourujärvi,1804.5
146.5,-0.02014040833076998,0,0,Kallio Kourujärvi,1803.5
147.5,-0.03586544883096332,0,0,Kallio Kourujärvi,1802.5
148.5,-0.028579424579791887,0,0,Kallio Kourujärvi,1801.5
149.5,0.004717422453386577,0,0,Kallio Kourujärvi,1800.5
150.5,-0.03497499743993969,0,0,Kallio Kourujärvi,1799.5
151.5,-0.007656723794636375,0,0,Kallio Kourujärvi,1798.5
152.5,-0.007327646598578347,0,0,Kallio Kourujärvi,1797.5
153.5,0.07801242432156087,1,0,Kallio Kourujärvi,1796.5
154.5,-0.026636367023492077,0,0,Kallio Kourujärvi,1795.5
155.5,0.021725829674992002,0,0,Kallio Kourujärvi,1794.5
156.5,0.007098869619432832,0,0,Kallio Kourujärvi,1793.5
157.5,-0.005517461419779254,0,0,Kallio Kourujärvi,1792.5
158.5,-0.016123427409913293,0,0,Kallio Kourujärvi,1791.5
159.5,0.023280742975152438,0,0,Kallio Kourujärvi,1790.5
160.5,0.023694868698408977,0,0,Kallio Kourujärvi,1789.5
161.5,-0.014881336439039348,0,0,Kallio Kourujärvi,1788.5
162.5,-0.0034482704955611787,0,0,Kallio Kourujärvi,1787.5
163.5,0.08199371222080193,1,0,Kallio Kourujärvi,1786.5
164.5,0.010444198770502525,0,0,Kallio Kourujärvi,1785.5
165.5,-0.01309757868188996,0,0,Kallio Kourujärvi,1784.5
166.5,-0.012632507530035891,0,0,Kallio Kourujärvi,1783.5
167.5,0.011838584586067152,0,0,Kallio Kourujärvi,1782.5
168.5,-0.020685076389367174,0,0,Kallio Kourujärvi,1781.5
169.5,-0.020204277975033012,0,0,Kallio Kourujärvi,1780.5
170.5,2.8028791684586024e-4,0,0,Kallio Kourujärvi,1779.5
171.5,-0.01923196151987927,0,0,Kallio Kourujärvi,1778.5
172.5,-0.018741569534736026,0,0,Kallio Kourujärvi,1777.5
173.5,0.01475102335290869,0,0,Kallio Kourujärvi,1776.5
174.5,0.002245460145783945,0,0,Kallio Kourujärvi,1775.5
175.5,0.015741339572523716,0,0,Kallio Kourujärvi,1774.5
176.5,-0.023761782573478232,0,0,Kallio Kourujärvi,1773.5
177.5,-0.02326439381890403,0,0,Kallio Kourujärvi,1772.5
178.5,-0.022766873199757752,0,0,Kallio Kourujärvi,1771.5
179.5,-0.022269450480246124,0,0,Kallio Kourujärvi,1770.5
180.5,-0.005772210518975231,0,0,Kallio Kourujärvi,1769.5
181.5,0.0057248875247179615,0,0,Kallio Kourujärvi,1768.5
182.5,0.006221926324692265,0,0,Kallio Kourujärvi,1767.5
183.5,0.0067189639703715415,0,0,Kallio Kourujärvi,1766.5
184.5,-0.003783981388035533,0,0,Kallio Kourujärvi,1765.5
84.5,-0.010763849932725139,0,0,Kalliojärvi,1865.5
85.5,0.030305726262437632,1,0,Kalliojärvi,1864.5
86.5,-0.011656596659568266,0,0,Kalliojärvi,1863.5
87.5,-0.024845014221356793,0,0,Kalliojärvi,1862.5
88.5,0.003837028407744303,0,0,Kalliojärvi,1861.5
89.5,0.13529304819497828,1,0,Kalliojärvi,1860.5
90.5,-0.0032507015264121517,0,0,Kalliojärvi,1859.5
91.5,-0.014379007442800865,0,0,Kalliojärvi,1858.5
92.5,-0.017450428599865852,0,0,Kalliojärvi,1857.5
93.5,0.0019185897768077866,0,0,Kalliojärvi,1856.5
94.5,-0.01762972408995945,0,0,Kalliojärvi,1855.5
95.5,-0.013259680938054632,0,0,Kalliojärvi,1854.5
96.5,-0.010522057753772133,0,0,Kalliojärvi,1853.5
97.5,0.002129533907379841,0,0,Kalliojärvi,1852.5
98.5,-0.012983934501575627,0,0,Kalliojärvi,1851.5
99.5,0.003490666363932811,0,0,Kalliojärvi,1850.5
100.5,-0.01341561539517462,0,0,Kalliojärvi,1849.5
101.5,-0.0028009348076790917,0,0,Kalliojärvi,1848.5
102.5,-0.006601663973442657,0,0,Kalliojärvi,1847.5
103.5,-0.01610892700340708,0,0,Kalliojärvi,1846.5
104.5,0.003773438509536889,0,0,Kalliojärvi,1845.5
105.5,-0.013728776747520682,0,0,Kalliojärvi,1844.5
106.5,-0.0045512650198408534,0,0,Kalliojärvi,1843.5
107.5,0.0026611177524812554,0,0,Kalliojärvi,1842.5
108.5,-0.003704110638686333,0,0,Kalliojärvi,1841.5
109.5,-0.003324010129101034,0,0,Kalliojärvi,1840.5
110.5,0.0014147982604003212,0,0,Kalliojärvi,1839.5
111.5,0.0017387141191584632,0,0,Kalliojärvi,1838.5
112.5,-0.009577519247194582,0,0,Kalliojärvi,1837.5
113.5,-0.005952749892460498,0,0,Kalliojärvi,1836.5
114.5,0.0049363993510133375,0,0,Kalliojärvi,1835.5
115.5,-0.003618735289625896,0,0,Kalliojärvi,1834.5
116.5,-0.008649574132519993,0,0,Kalliojärvi,1833.5
117.5,-0.0012519033785550436,0,0,Kalliojärvi,1832.5
118.5,-0.0011018949678883103,0,0,Kalliojärvi,1831.5
119.5,0.0011565827588668129,0,0,Kalliojärvi,1830.5
120.5,-8.622380032005071e-4,0,0,Kalliojärvi,1829.5
121.5,-0.004640910877257525,0,0,Kalliojärvi,1828.5
122.5,-0.0026942399366066006,0,0,Kalliojärvi,1827.5
123.5,0.006140549162421821,0,0,Kalliojärvi,1826.5
124.5,-0.010651091074128042,0,0,Kalliojärvi,1825.5
125.5,-0.007777452964868663,0,0,Kalliojärvi,1824.5
126.5,-5.271262158253708e-4,0,0,Kalliojärvi,1823.5
127.5,0.06658561250026707,1,0,Kalliojärvi,1822.5
128.5,-0.0025017399010966983,0,0,Kalliojärvi,1821.5
129.5,-0.004370074580287245,0,0,Kalliojärvi,1820.5
130.5,0.006270883864187584,0,0,Kalliojärvi,1819.5
131.5,0.00625983554080271,0,0,Kalliojärvi,1818.5
132.5,0.0015965370393214717,0,0,Kalliojärvi,1817.5
133.5,-0.0044290887594569724,0,0,Kalliojärvi,1816.5
134.5,-0.0025917169772490933,0,0,Kalliojärvi,1815.5
135.5,-0.002633597580971288,0,0,Kalliojärvi,1814.5
136.5,0.0014449978817603175,0,0,Kalliojärvi,1813.5
137.5,-0.0046141365848500916,0,0,Kalliojärvi,1812.5
138.5,-0.004682186424734688,0,0,Kalliojärvi,1811.5
139.5,-0.009597879221582065,0,0,Kalliojärvi,1810.5
140.5,-0.00819982457685465,0,0,Kalliojärvi,1809.5
141.5,-0.004939191793015432,0,0,Kalliojärvi,1808.5
142.5,-0.0050410988655849535,0,0,Kalliojärvi,1807.5
143.5,-0.0012788667195643977,0,0,Kalliojärvi,1806.5
144.5,7.356253167947711e-4,0,0,Kalliojärvi,1805.5
145.5,-0.0035126541945484525,0,0,Kalliojärvi,1804.5
146.5,4.934711218420734e-4,0,0,Kalliojärvi,1803.5
147.5,0.01294872022700208,0,0,Kalliojärvi,1802.5
148.5,0.01004777371119273,0,0,Kalliojärvi,1801.5
149.5,1.1395083249080007e-4,0,0,Kalliojärvi,1800.5
150.5,0.028373401360131913,1,0,Kalliojärvi,1799.5
151.5,-0.004270214755811333,0,0,Kalliojärvi,1798.5
152.5,-0.012462630301246318,0,0,Kalliojärvi,1797.5
153.5,-0.002526787010484678,0,0,Kalliojärvi,1796.5
154.5,0.009279208411320006,0,0,Kalliojärvi,1795.5
155.5,0.0312779397879833,1,0,Kalliojärvi,1794.5
156.5,-7.888993302580354e-4,0,0,Kalliojärvi,1793.5
157.5,0.001335474801430741,0,0,Kalliojärvi,1792.5
158.5,-0.007059814330942138,0,0,Kalliojärvi,1791.5
159.5,0.0010561807162955163,0,0,Kalliojärvi,1790.5
160.5,-0.0034789003465728364,0,0,Kalliojärvi,1789.5
161.5,-0.014924209425438671,0,0,Kalliojärvi,1788.5
162.5,-0.015087170200146997,0,0,Kalliojärvi,1787.5
163.5,-0.007839221758628482,0,0,Kalliojärvi,1786.5
164.5,-0.006148106175018013,0,0,Kalliojärvi,1785.5
165.5,-0.006336126685178309,0,0,Kalliojärvi,1784.5
166.5,-0.008402794129106298,0,0,Kalliojärvi,1783.5
167.5,-0.008605453236029527,0,0,Kalliojärvi,1782.5
168.5,-0.0069431159871228155,0,0,Kalliojärvi,1781.5
169.5,-0.005156433899487636,0,0,Kalliojärvi,1780.5
170.5,-0.005372931994662971,0,0,Kalliojärvi,1779.5
171.5,0.018215489081940317,0,0,Kalliojärvi,1778.5
172.5,0.031933214043884196,0,0,Kalliojärvi,1777.5
173.5,0.028039509014574436,1,0,Kalliojärvi,1776.5
174.5,-0.0018525087459102842,0,0,Kalliojärvi,1775.5
175.5,-0.012066107142485865,0,0,Kalliojärvi,1774.5
176.5,-0.00227935769085149,0,0,Kalliojärvi,1773.5
177.5,0.01073322990618689,0,0,Kalliojärvi,1772.5
178.5,-0.015802749127830275,0,0,Kalliojärvi,1771.5
179.5,-0.016016890339844946,0,0,Kalliojärvi,1770.5
180.5,0.010090756073151196,0,0,Kalliojärvi,1769.5
181.5,0.00987548074006694,0,0,Kalliojärvi,1768.5
182.5,-0.0203399774971284,0,0,Kalliojärvi,1767.5
183.5,0.018928041692648397,0,0,Kalliojärvi,1766.5
184.5,-0.0039973348413860875,0,0,Kalliojärvi,1765.5
84.5,-0.02674927270399774,0,0,Lagoon Etoliko,1865.5
85.5,0.1223230467236634,0,0,Lagoon Etoliko,1864.5
86.5,-0.07014467812767228,0,0,Lagoon Etoliko,1863.5
87.5,-0.2596513814750233,0,0,Lagoon Etoliko,1862.5
88.5,-0.2394572102352023,0,0,Lagoon Etoliko,1861.5
89.5,0.07943652420538438,0,0,Lagoon Etoliko,1860.5
90.5,0.06861441620651454,0,0,Lagoon Etoliko,1859.5
91.5,-0.0943081239779216,0,0,Lagoon Etoliko,1858.5
92.5,0.1561183373560302,0,0,Lagoon Etoliko,1857.5
93.5,0.594881235580204,1,0,Lagoon Etoliko,1856.5
94.5,-0.04462190098710628,0,0,Lagoon Etoliko,1855.5
95.5,9.087402605754136e-4,0,0,Lagoon Etoliko,1854.5
96.5,0.05061695729532556,0,0,Lagoon Etoliko,1853.5
97.5,-0.24360832019540646,0,0,Lagoon Etoliko,1852.5
98.5,0.1710548435337671,0,0,Lagoon Etoliko,1851.5
99.5,-0.10435925235791377,0,0,Lagoon Etoliko,1850.5
100.5,-0.055980498748286034,0,0,Lagoon Etoliko,1849.5
101.5,-0.19719357825455752,0,0,Lagoon Etoliko,1848.5
102.5,0.09427641616140825,0,0,Lagoon Etoliko,1847.5
103.5,-0.08975461636002818,0,0,Lagoon Etoliko,1846.5
104.5,-0.21182040385632742,0,0,Lagoon Etoliko,1845.5
105.5,0.20615493965266685,0,0,Lagoon Etoliko,1844.5
106.5,0.274140876926654,0,0,Lagoon Etoliko,1843.5
107.5,0.0248326630188897,0,0,Lagoon Etoliko,1842.5
108.5,0.2216058576036939,0,0,Lagoon Etoliko,1841.5
109.5,-0.0329528633940373,0,0,Lagoon Etoliko,1840.5
110.5,-0.008429730419627413,0,0,Lagoon Etoliko,1839.5
111.5,-0.22312700425189486,0,0,Lagoon Etoliko,1838.5
112.5,-0.2072967296475384,0,0,Lagoon Etoliko,1837.5
113.5,-0.2667988953584569,0,0,Lagoon Etoliko,1836.5
114.5,0.45336384951552344,1,0,Lagoon Etoliko,1835.5
115.5,-0.23534379494011803,0,0,Lagoon Etoliko,1834.5
116.5,-0.17500141942540065,0,0,Lagoon Etoliko,1833.5
117.5,-0.06970251173839778,0,0,Lagoon Etoliko,1832.5
118.5,-0.056334121576451957,0,0,Lagoon Etoliko,1831.5
119.5,0.4170729413270954,1,0,Lagoon Etoliko,1830.5
120.5,-0.02238765218643024,0,0,Lagoon Etoliko,1829.5
121.5,0.04600947800257832,0,0,Lagoon Etoliko,1828.5
122.5,-0.23815080588274343,0,0,Lagoon Etoliko,1827.5
123.5,0.28687978533448155,0,0,Lagoon Etoliko,1826.5
124.5,0.28766668081281455,0,0,Lagoon Etoliko,1825.5
125.5,0.030938430536920636,0,0,Lagoon Etoliko,1824.5
126.5,-0.21722046176242202,0,0,Lagoon Etoliko,1823.5
127.5,-0.06403253667018008,0,0,Lagoon Etoliko,1822.5
128.5,0.0016202476365329566,0,0,Lagoon Etoliko,1821.5
129.5,-0.08501858762292161,0,0,Lagoon Etoliko,1820.5
130.5,0.11695829197069468,0,0,Lagoon Etoliko,1819.5
131.5,-0.16560125130595102,0,0,Lagoon Etoliko,1818.5
132.5,-0.1716287420436351,0,0,Lagoon Etoliko,1817.5
133.5,-0.02312676016963064,0,0,Lagoon Etoliko,1816.5
134.5,0.23117597168644188,0,0,Lagoon Etoliko,1815.5
135.5,-0.04160769868213013,0,0,Lagoon Etoliko,1814.5
136.5,0.10605911962535525,0,0,Lagoon Etoliko,1813.5
137.5,-0.19329793487252084,0,0,Lagoon Etoliko,1812.5
138.5,-0.04128534124167166,0,0,Lagoon Etoliko,1811.5
139.5,0.012467121789141777,0,0,Lagoon Etoliko,1810.5
140.5,0.19788628606478892,0,0,Lagoon Etoliko,1809.5
141.5,-0.25397143231743946,0,0,Lagoon Etoliko,1808.5
142.5,-0.02672535312045199,0,0,Lagoon Etoliko,1807.5
143.5,0.043027376531578176,0,0,Lagoon Etoliko,1806.5
144.5,0.0061587648091675495,0,0,Lagoon Etoliko,1805.5
145.5,0.005664833763261767,0,0,Lagoon Etoliko,1804.5
146.5,0.23951923300394518,0,0,Lagoon Etoliko,1803.5
147.5,0.08119948398609556,0,0,Lagoon Etoliko,1802.5
148.5,0.011028711118306389,0,0,Lagoon Etoliko,1801.5
149.5,0.3201144843003649,0,0,Lagoon Etoliko,1800.5
150.5,0.07814521731158242,0,0,Lagoon Etoliko,1799.5
151.5,-0.26968195111366156,0,0,Lagoon Etoliko,1798.5
152.5,-0.42837787199485533,0,0,Lagoon Etoliko,1797.5
153.5,0.09596103265930289,0,0,Lagoon Etoliko,1796.5
154.5,-0.37154652894428786,0,0,Lagoon Etoliko,1795.5
155.5,-0.2436697592595226,0,0,Lagoon Etoliko,1794.5
156.5,-0.27681865040511555,0,0,Lagoon Etoliko,1793.5
157.5,0.16933203938017105,0,0,Lagoon Etoliko,1792.5
158.5,-0.3698807534414455,0,0,Lagoon Etoliko,1791.5
159.5,0.05530673029323052,0,0,Lagoon Etoliko,1790.5
160.5,-0.1126713502225225,0,0,Lagoon Etoliko,1789.5
161.5,0.2587719711023504,0,0,Lagoon Etoliko,1788.5
162.5,0.6376938542485328,0,0,Lagoon Etoliko,1787.5
163.5,-0.16231759496317688,0,0,Lagoon Etoliko,1786.5
164.5,1.3246439268997312,1,0,Lagoon Etoliko,1785.5
165.5,0.39496004845038035,0,0,Lagoon Etoliko,1784.5
166.5,-0.3170173807792902,0,0,Lagoon Etoliko,1783.5
167.5,-0.03574120109866008,0,0,Lagoon Etoliko,1782.5
168.5,-0.1455149020355041,0,0,Lagoon Etoliko,1781.5
169.5,-0.0072485652579586946,0,0,Lagoon Etoliko,1780.5
170.5,-0.11611686956126743,0,0,Lagoon Etoliko,1779.5
171.5,0.15920767197201546,0,0,Lagoon Etoliko,1778.5
172.5,-0.26850346238027967,0,0,Lagoon Etoliko,1777.5
173.5,-0.37036695488332505,0,0,Lagoon Etoliko,1776.5
174.5,-0.33531374926281565,0,0,Lagoon Etoliko,1775.5
175.5,0.14992341794336106,0,0,Lagoon Etoliko,1774.5
176.5,-0.15896117797512457,0,0,Lagoon Etoliko,1773.5
177.5,-0.19696254554800996,0,0,Lagoon Etoliko,1772.5
178.5,0.17212307860114273,0,0,Lagoon Etoliko,1771.5
179.5,0.030248752612402396,0,0,Lagoon Etoliko,1770.5
180.5,0.07929358859395136,0,0,Lagoon Etoliko,1769.5
181.5,-0.1570009451345623,0,0,Lagoon Etoliko,1768.5
182.5,0.013468140537669981,0,0,Lagoon Etoliko,1767.5
183.5,0.04982192110953326,0,0,Lagoon Etoliko,1766.5
184.5,0.17172574211781216,0,0,Lagoon Etoliko,1765.5
84.5,-0.007101000806790714,0,0,Lehmilampi,1865.5
85.5,-0.04488171084722712,0,0,Lehmilampi,1864.5
86.5,0.06324975834980982,1,0,Lehmilampi,1863.5
87.5,0.005637807434951375,0,0,Lehmilampi,1862.5
88.5,0.010005719937248012,0,0,Lehmilampi,1861.5
89.5,-0.021612119909940997,0,0,Lehmilampi,1860.5
90.5,-0.026517209164177435,0,0,Lehmilampi,1859.5
91.5,0.031390556521865995,0,0,Lehmilampi,1858.5
92.5,-0.03438860281173009,0,0,Lehmilampi,1857.5
93.5,-0.013002416932452035,0,0,Lehmilampi,1856.5
94.5,-0.03696168898828997,0,0,Lehmilampi,1855.5
95.5,0.038157712352396816,0,0,Lehmilampi,1854.5
96.5,0.06525991166660618,1,0,Lehmilampi,1853.5
97.5,-0.03769257472163272,0,0,Lehmilampi,1852.5
98.5,0.03470061405885526,0,0,Lehmilampi,1851.5
99.5,-0.012057828079287847,0,0,Lehmilampi,1850.5
100.5,0.050775583294820695,0,0,Lehmilampi,1849.5
101.5,0.023573632874400743,0,0,Lehmilampi,1848.5
102.5,-0.012978707050656707,0,0,Lehmilampi,1847.5
103.5,-0.015315000767970877,0,0,Lehmilampi,1846.5
104.5,-0.024402796565085087,0,0,Lehmilampi,1845.5
105.5,-0.0440949017142966,0,0,Lehmilampi,1844.5
106.5,-0.021727155313077375,0,0,Lehmilampi,1843.5
107.5,-0.0430832095371218,0,0,Lehmilampi,1842.5
108.5,0.013382829059178925,0,0,Lehmilampi,1841.5
109.5,-0.0028111044405842722,0,0,Lehmilampi,1840.5
110.5,0.050133924275264835,0,0,Lehmilampi,1839.5
111.5,5.531157728506791e-4,0,0,Lehmilampi,1838.5
112.5,-0.0181222310787459,0,0,Lehmilampi,1837.5
113.5,0.025167857211132932,0,0,Lehmilampi,1836.5
114.5,0.01441377387581226,0,0,Lehmilampi,1835.5
115.5,-0.010360319606066565,0,0,Lehmilampi,1834.5
116.5,0.014865888448287928,0,0,Lehmilampi,1833.5
117.5,-0.03069641094588855,0,0,Lehmilampi,1832.5
118.5,0.0105688223494423,0,0,Lehmilampi,1831.5
119.5,0.050798660219789626,0,0,Lehmilampi,1830.5
120.5,-0.0051958876027402845,0,0,Lehmilampi,1829.5
121.5,-0.03213020297876448,0,0,Lehmilampi,1828.5
122.5,0.0021703135150829417,0,0,Lehmilampi,1827.5
123.5,4.450317740807147e-4,0,0,Lehmilampi,1826.5
124.5,-0.05846163687528993,0,0,Lehmilampi,1825.5
125.5,0.018884593694885335,0,0,Lehmilampi,1824.5
126.5,0.030669185567109514,0,0,Lehmilampi,1823.5
127.5,0.03682471220580463,0,0,Lehmilampi,1822.5
128.5,0.01010620519841389,0,0,Lehmilampi,1821.5
129.5,-0.02326394332215881,0,0,Lehmilampi,1820.5
130.5,-0.01706245576855979,0,0,Lehmilampi,1819.5
131.5,-3.5432104312502904e-4,0,0,Lehmilampi,1818.5
132.5,-0.017580024061770373,0,0,Lehmilampi,1817.5
133.5,-0.018863783035175608,0,0,Lehmilampi,1816.5
134.5,0.04527308934393483,0,0,Lehmilampi,1815.5
135.5,-1.3618352548085827e-4,0,0,Lehmilampi,1814.5
136.5,-0.01628406115065254,0,0,Lehmilampi,1813.5
137.5,-0.019662558065222352,0,0,Lehmilampi,1812.5
138.5,0.013785949363362082,0,0,Lehmilampi,1811.5
139.5,0.008717355253877332,0,0,Lehmilampi,1810.5
140.5,-0.013634522138765169,0,0,Lehmilampi,1809.5
141.5,0.0047300228956799265,0,0,Lehmilampi,1808.5
142.5,0.03969906648452297,0,0,Lehmilampi,1807.5
143.5,0.05539961000564249,0,0,Lehmilampi,1806.5
144.5,-0.016607662141584774,0,0,Lehmilampi,1805.5
145.5,-0.0474347445663291,0,0,Lehmilampi,1804.5
146.5,-0.023533220698938248,0,0,Lehmilampi,1803.5
147.5,-0.017740322852508483,0,0,Lehmilampi,1802.5
148.5,-0.007241493585723013,0,0,Lehmilampi,1801.5
149.5,-0.03092856433325833,0,0,Lehmilampi,1800.5
150.5,0.009000218531651324,0,0,Lehmilampi,1799.5
151.5,-0.02174517833722718,0,0,Lehmilampi,1798.5
152.5,0.025475259378223647,0,0,Lehmilampi,1797.5
153.5,-0.050059253641724484,0,0,Lehmilampi,1796.5
154.5,-0.02154295097576832,0,0,Lehmilampi,1795.5
155.5,-0.08939848248583943,0,0,Lehmilampi,1794.5
156.5,0.019339237382509034,0,0,Lehmilampi,1793.5
157.5,0.014603270171001465,0,0,Lehmilampi,1792.5
158.5,0.21698208305456881,0,0,Lehmilampi,1791.5
159.5,0.09544790819267254,0,0,Lehmilampi,1790.5
160.5,0.07849564531656483,1,0,Lehmilampi,1789.5
161.5,-0.021507161191314184,0,0,Lehmilampi,1788.5
162.5,-0.10488189416936747,0,1,Lehmilampi,1787.5
163.5,0.009373652760917783,0,0,Lehmilampi,1786.5
164.5,-0.026855942653946294,0,0,Lehmilampi,1785.5
165.5,-0.0376449589262951,0,0,Lehmilampi,1784.5
166.5,-0.022115843551361432,0,0,Lehmilampi,1783.5
167.5,-0.03380467721880959,0,0,Lehmilampi,1782.5
168.5,-0.013229005769346415,0,0,Lehmilampi,1781.5
169.5,0.06460991224860207,1,0,Lehmilampi,1780.5
170.5,-0.03228896441110239,0,0,Lehmilampi,1779.5
171.5,0.0015979282398961014,0,0,Lehmilampi,1778.5
172.5,0.0020228340466381667,0,0,Lehmilampi,1777.5
173.5,-0.0065687887658206,0,0,Lehmilampi,1776.5
174.5,-0.014720236773852306,0,0,Lehmilampi,1775.5
175.5,-0.01607032908420576,0,0,Lehmilampi,1774.5
176.5,0.010482885071159076,0,0,Lehmilampi,1773.5
177.5,0.0026173647030770797,0,0,Lehmilampi,1772.5
178.5,-0.00792680256578844,0,0,Lehmilampi,1771.5
179.5,0.011929168565947633,0,0,Lehmilampi,1770.5
180.5,0.0022780129787059317,0,0,Lehmilampi,1769.5
181.5,-6.887351446151213e-5,0,0,Lehmilampi,1768.5
182.5,-0.013913792896179084,0,0,Lehmilampi,1767.5
183.5,-0.009951488443292994,0,0,Lehmilampi,1766.5
184.5,0.034620518755317284,0,0,Lehmilampi,1765.5
84.5,-0.07110393056350861,0,0,Lower Murray Lake,1865.5
85.5,-0.07440913084631677,0,0,Lower Murray Lake,1864.5
86.5,-0.0734202310797166,0,0,Lower Murray Lake,1863.5
87.5,-0.06751103117799685,0,0,Lower Murray Lake,1862.5
88.5,-0.0695395310120751,0,0,Lower Murray Lake,1861.5
89.5,-0.062042230412887645,0,0,Lower Murray Lake,1860.5
90.5,0.17882217082970603,1,0,Lower Murray Lake,1859.5
91.5,-0.06242272706162158,0,0,Lower Murray Lake,1858.5
92.5,-0.04056342392101777,0,0,Lower Murray Lake,1857.5
93.5,-0.05537551957324857,0,0,Lower Murray Lake,1856.5
94.5,-0.03333671381368057,0,0,Lower Murray Lake,1855.5
95.5,-0.07013980641062563,0,0,Lower Murray Lake,1854.5
96.5,-0.06913459710464365,0,0,Lower Murray Lake,1853.5
97.5,-0.06549738560104244,0,0,Lower Murray Lake,1852.5
98.5,0.0497721284381486,1,0,Lower Murray Lake,1851.5
99.5,-0.060358654624284136,0,0,Lower Murray Lake,1850.5
100.5,-0.06479863442966578,0,0,Lower Murray Lake,1849.5
101.5,-0.006230110597367951,0,0,Lower Murray Lake,1848.5
102.5,-0.01831898271117017,0,0,Lower Murray Lake,1847.5
103.5,0.06663184965208227,1,0,Lower Murray Lake,1846.5
104.5,-0.05847761307928344,0,0,Lower Murray Lake,1845.5
105.5,-0.05908887049972294,0,0,Lower Murray Lake,1844.5
106.5,-0.06218472217711685,0,0,Lower Murray Lake,1843.5
107.5,-0.06130116764864369,0,0,Lower Murray Lake,1842.5
108.5,-0.062137106410490764,0,0,Lower Murray Lake,1841.5
109.5,-0.06163743792726037,0,0,Lower Murray Lake,1840.5
110.5,-0.05601966162198986,0,0,Lower Murray Lake,1839.5
111.5,-0.05249357688693956,0,0,Lower Murray Lake,1838.5
112.5,0.9195261169242402,1,0,Lower Murray Lake,1837.5
113.5,-0.05963867961191818,0,0,Lower Murray Lake,1836.5
114.5,-0.0574333662644889,0,0,Lower Murray Lake,1835.5
115.5,-0.054092042869700464,0,0,Lower Murray Lake,1834.5
116.5,-0.050619009224073086,0,0,Lower Murray Lake,1833.5
117.5,-0.04943176509818724,0,0,Lower Murray Lake,1832.5
118.5,-0.04755231022635051,0,0,Lower Murray Lake,1831.5
119.5,-0.05311574431998113,0,0,Lower Murray Lake,1830.5
120.5,-0.04986526705529844,0,0,Lower Murray Lake,1829.5
121.5,-0.017222578084476595,0,0,Lower Murray Lake,1828.5
122.5,1.5856356229734616,1,0,Lower Murray Lake,1827.5
123.5,-0.05250536365165633,0,0,Lower Murray Lake,1826.5
124.5,-0.05414123834103197,0,0,Lower Murray Lake,1825.5
125.5,-0.05335540161286151,0,0,Lower Murray Lake,1824.5
126.5,-0.023573853946672045,0,0,Lower Murray Lake,1823.5
127.5,-0.051689995800297595,0,0,Lower Murray Lake,1822.5
128.5,-0.046483727604898245,0,0,Lower Murray Lake,1821.5
129.5,0.13855325022853632,1,0,Lower Murray Lake,1820.5
130.5,-0.0422880626940898,0,0,Lower Murray Lake,1819.5
131.5,-0.03885656681988698,0,0,Lower Murray Lake,1818.5
132.5,-0.043867062581918956,0,0,Lower Murray Lake,1817.5
133.5,-0.03448985039668878,0,0,Lower Murray Lake,1816.5
134.5,-0.0388667306489422,0,0,Lower Murray Lake,1815.5
135.5,0.26558149629104594,1,0,Lower Murray Lake,1814.5
136.5,-0.04511856994717682,0,0,Lower Murray Lake,1813.5
137.5,-0.009224529837685888,0,0,Lower Murray Lake,1812.5
138.5,-0.03962218385477447,0,0,Lower Murray Lake,1811.5
139.5,-0.04152463246799113,0,0,Lower Murray Lake,1810.5
140.5,-0.044007076119068865,0,0,Lower Murray Lake,1809.5
141.5,-0.04430721523232001,0,0,Lower Murray Lake,1808.5
142.5,-0.038285650199131514,0,0,Lower Murray Lake,1807.5
143.5,-0.04564478139242053,0,0,Lower Murray Lake,1806.5
144.5,-0.0447017091541242,0,0,Lower Murray Lake,1805.5
145.5,-0.04301923380700282,0,0,Lower Murray Lake,1804.5
146.5,-0.04055295564056307,0,0,Lower Murray Lake,1803.5
147.5,-0.042019274925804546,0,0,Lower Murray Lake,1802.5
148.5,-0.04185699190261881,0,0,Lower Murray Lake,1801.5
149.5,0.006720693207103091,0,0,Lower Murray Lake,1800.5
150.5,-0.04148491979198827,0,0,Lower Murray Lake,1799.5
151.5,-0.03730333109615702,0,0,Lower Murray Lake,1798.5
152.5,-0.030891840875943162,0,0,Lower Murray Lake,1797.5
153.5,-0.03359504928631936,0,0,Lower Murray Lake,1796.5
154.5,0.007672943543032738,0,0,Lower Murray Lake,1795.5
155.5,-0.0357513625080614,0,0,Lower Murray Lake,1794.5
156.5,-0.038197867550085335,0,0,Lower Murray Lake,1793.5
157.5,-0.03641457168217801,0,0,Lower Murray Lake,1792.5
158.5,-0.02414787497571978,0,0,Lower Murray Lake,1791.5
159.5,-0.03698497748706081,0,0,Lower Murray Lake,1790.5
160.5,-0.03529187925050604,0,0,Lower Murray Lake,1789.5
161.5,-0.035697880285080114,0,0,Lower Murray Lake,1788.5
162.5,-0.035747880583766406,0,0,Lower Murray Lake,1787.5
163.5,-0.03441588012329874,0,0,Lower Murray Lake,1786.5
164.5,-0.02036587885478569,0,0,Lower Murray Lake,1785.5
165.5,0.15077502328528955,1,0,Lower Murray Lake,1784.5
166.5,-0.012007473638715162,0,0,Lower Murray Lake,1783.5
167.5,-0.03179186962274352,0,0,Lower Murray Lake,1782.5
168.5,0.2512246353341744,1,0,Lower Murray Lake,1781.5
169.5,-0.026577858781736994,0,0,Lower Murray Lake,1780.5
170.5,-0.02766505207396153,0,0,Lower Murray Lake,1779.5
171.5,-0.021854544660839716,0,0,Lower Murray Lake,1778.5
172.5,-0.026191036641942507,0,0,Lower Murray Lake,1777.5
173.5,-0.020854528105819965,0,0,Lower Murray Lake,1776.5
174.5,-0.010526519123814866,0,0,Lower Murray Lake,1775.5
175.5,-0.012823309757906843,0,0,Lower Murray Lake,1774.5
176.5,-0.0055449000603589,0,0,Lower Murray Lake,1773.5
177.5,-0.014259290078835722,0,0,Lower Murray Lake,1772.5
178.5,9.83020145667677e-4,0,0,Lower Murray Lake,1771.5
179.5,-0.009884969423373465,0,0,Lower Murray Lake,1770.5
180.5,0.050452241180878515,1,0,Lower Murray Lake,1769.5
181.5,-0.02715044807705503,0,0,Lower Murray Lake,1768.5
182.5,-0.025923737247962587,0,0,Lower Murray Lake,1767.5
183.5,-0.02293732637504555,0,0,Lower Murray Lake,1766.5
184.5,-0.023550915485890025,0,0,Lower Murray Lake,1765.5
84.5,-0.32383857816396233,0,0,Oeschinen,1865.5
85.5,1.1800080772699577,0,0,Oeschinen,1864.5
86.5,-1.0495935081688028,0,0,Oeschinen,1863.5
87.5,-0.8619000425524297,0,0,Oeschinen,1862.5
88.5,-0.48341930127745025,0,0,Oeschinen,1861.5
89.5,-0.9078574814768163,0,0,Oeschinen,1860.5
90.5,0.4745077042975856,0,0,Oeschinen,1859.5
91.5,0.36290706150491614,0,0,Oeschinen,1858.5
92.5,0.45614814758602384,0,0,Oeschinen,1857.5
93.5,-0.6760968509562368,0,0,Oeschinen,1856.5
94.5,0.2795405996644169,0,0,Oeschinen,1855.5
95.5,3.6442337625412553,1,0,Oeschinen,1854.5
96.5,-0.43435374453390707,0,0,Oeschinen,1853.5
97.5,0.8088085581293656,0,0,Oeschinen,1852.5
98.5,0.041214637524581876,0,0,Oeschinen,1851.5
99.5,0.4598721389504161,0,0,Oeschinen,1850.5
100.5,-0.7063748763275217,0,0,Oeschinen,1849.5
101.5,-0.2979347761560611,0,0,Oeschinen,1848.5
102.5,-0.8798100727653216,0,0,Oeschinen,1847.5
103.5,0.20398346699808045,0,0,Oeschinen,1846.5
104.5,0.8348280939892183,0,0,Oeschinen,1845.5
105.5,-0.4587053692378039,0,0,Oeschinen,1844.5
106.5,-0.79747360421692,0,0,Oeschinen,1843.5
107.5,0.8895012508337641,0,0,Oeschinen,1842.5
108.5,1.2615530363603027,0,0,Oeschinen,1841.5
109.5,0.4498167084158493,0,0,Oeschinen,1840.5
110.5,-0.5176779755429786,0,0,Oeschinen,1839.5
111.5,-0.396976693494843,0,0,Oeschinen,1838.5
112.5,-0.6561409164540892,0,0,Oeschinen,1837.5
113.5,-0.5284452559331247,0,0,Oeschinen,1836.5
114.5,0.599503400527122,0,0,Oeschinen,1835.5
115.5,-0.772806317378459,0,0,Oeschinen,1834.5
116.5,-0.65146882613869606,0,0,Oeschinen,1833.5
117.5,-0.7510007521845362,0,0,Oeschinen,1832.5
118.5,-0.10564970378948568,0,0,Oeschinen,1831.5
119.5,-0.1929440489965284,0,0,Oeschinen,1830.5
120.5,-0.37327954775809535,0,0,Oeschinen,1829.5
121.5,0.2607014937063251,0,0,Oeschinen,1828.5
122.5,0.07047949535770026,0,0,Oeschinen,1827.5
123.5,-0.23269625596299415,0,0,Oeschinen,1826.5
124.5,-0.7510077758909643,0,0,Oeschinen,1825.5
125.5,0.08968723895617814,0,0,Oeschinen,1824.5
126.5,-0.6441122294083397,0,0,Oeschinen,1823.5
127.5,-0.3745041973470291,0,0,Oeschinen,1822.5
128.5,0.1825293255168844,0,0,Oeschinen,1821.5
129.5,-0.5621785239601553,0,0,Oeschinen,1820.5
130.5,0.7450952500115778,0,0,Oeschinen,1819.5
131.5,0.45106732049894027,0,0,Oeschinen,1818.5
132.5,0.2530871002276057,0,0,Oeschinen,1817.5
133.5,0.7255681481550454,0,0,Oeschinen,1816.5
134.5,-0.10384166760710278,0,0,Oeschinen,1815.5
135.5,-0.40985090622027254,0,0,Oeschinen,1814.5
136.5,0.2616814737020059,0,0,Oeschinen,1813.5
137.5,4.588030569361008,1,0,Oeschinen,1812.5
138.5,0.41295876631805384,0,0,Oeschinen,1811.5
139.5,0.9439650764446372,0,0,Oeschinen,1810.5
140.5,-0.7149287264710319,0,0,Oeschinen,1809.5
141.5,-0.5843682801100462,0,0,Oeschinen,1808.5
142.5,0.22146594079042492,0,0,Oeschinen,1807.5
143.5,-0.35953937699748467,0,0,Oeschinen,1806.5
144.5,-0.04032802262109236,0,0,Oeschinen,1805.5
145.5,0.35345972666273917,0,0,Oeschinen,1804.5
146.5,-0.1720066184299247,0,0,Oeschinen,1803.5
147.5,-0.4723697330144589,0,0,Oeschinen,1802.5
148.5,-0.4500010118616488,0,0,Oeschinen,1801.5
149.5,-0.36990546354480647,0,0,Oeschinen,1800.5
150.5,-0.3370025562425579,0,0,Oeschinen,1799.5
151.5,-0.15197595501028283,0,0,Oeschinen,1798.5
152.5,-0.05290555278322695,0,0,Oeschinen,1797.5
153.5,-0.4069683926244305,0,0,Oeschinen,1796.5
154.5,-0.10602026764389072,0,0,Oeschinen,1795.5
155.5,-0.5150123176490828,0,0,Oeschinen,1794.5
156.5,-0.17694307942019927,0,0,Oeschinen,1793.5
157.5,-0.4402651733648486,0,0,Oeschinen,1792.5
158.5,-0.23896785959820788,0,0,Oeschinen,1791.5
159.5,-0.3899248910205073,0,0,Oeschinen,1790.5
160.5,-0.23833634964647288,0,0,Oeschinen,1789.5
161.5,-0.45451716099948497,0,0,Oeschinen,1788.5
162.5,-0.40098852467113355,0,0,Oeschinen,1787.5
163.5,-0.3438255403725229,0,0,Oeschinen,1786.5
164.5,0.21084184571874376,0,0,Oeschinen,1785.5
165.5,-0.08267230581811358,0,0,Oeschinen,1784.5
166.5,-0.4113152691895856,0,0,Oeschinen,1783.5
167.5,-0.2874427356666517,0,0,Oeschinen,1782.5
168.5,-0.32527607388536406,0,0,Oeschinen,1781.5
169.5,-0.573651968901022,0,0,Oeschinen,1780.5
170.5,-0.9310324095916105,0,0,Oeschinen,1779.5
171.5,-0.8543708864689082,0,0,Oeschinen,1778.5
172.5,-0.8289792441773335,0,0,Oeschinen,1777.5
173.5,-0.7112671031589552,0,0,Oeschinen,1776.5
174.5,-0.359553027505362,0,0,Oeschinen,1775.5
175.5,-0.18786603918284206,0,0,Oeschinen,1774.5
176.5,0.1313700496952679,0,0,Oeschinen,1773.5
177.5,7.808533869067648,1,0,Oeschinen,1772.5
178.5,-0.68886494718376,0,0,Oeschinen,1771.5
179.5,-0.6871775689123899,0,0,Oeschinen,1770.5
180.5,-0.5397453813503627,0,0,Oeschinen,1769.5
181.5,0.05444952757018151,0,0,Oeschinen,1768.5
182.5,0.8039814460662178,0,0,Oeschinen,1767.5
183.5,-0.02414639215817438,0,0,Oeschinen,1766.5
184.5,0.29702169872865447,0,0,Oeschinen,1765.5
84.5,0.009838801560293986,0,0,Ogac,1865.5
85.5,-0.012848983843665167,0,0,Ogac,1864.5
86.5,0.050213230749833554,1,0,Ogac,1863.5
87.5,-0.04070455466159557,0,0,Ogac,1862.5
88.5,-0.05179234008854632,0,0,Ogac,1861.5
89.5,-0.03813012553238604,0,0,Ogac,1860.5
90.5,-0.02913791097924085,0,0,Ogac,1859.5
91.5,-0.034225696402070196,0,0,Ogac,1858.5
92.5,0.03588651823594276,0,0,Ogac,1857.5
93.5,-0.0012012670206832665,0,0,Ogac,1856.5
94.5,-0.05351905213401454,0,0,Ogac,1855.5
95.5,-0.053806837064117895,0,0,Ogac,1854.5
96.5,-0.034494621757248926,0,0,Ogac,1853.5
97.5,-0.06118240614218941,0,0,Ogac,1852.5
98.5,-0.03624019013495151,0,0,Ogac,1851.5
99.5,-0.04415797363324588,0,0,Ogac,1850.5
100.5,-0.0444457565223167,0,0,Ogac,1849.5
101.5,-0.04958353867212218,0,0,Ogac,1848.5
102.5,0.009968680060850915,0,0,Ogac,1847.5
103.5,-0.022319100165783395,0,0,Ogac,1846.5
104.5,-0.028046879194147924,0,0,Ogac,1845.5
105.5,-0.049804656858957214,0,0,Ogac,1844.5
106.5,-0.038542432986502305,0,0,Ogac,1843.5
107.5,0.0014897926131134387,0,0,Ogac,1842.5
108.5,-0.01946797986093817,0,0,Ogac,1841.5
109.5,-0.013755750204818118,0,0,Ogac,1840.5
110.5,-0.01857351821166498,0,0,Ogac,1839.5
111.5,-0.03518128366758926,0,0,Ogac,1838.5
112.5,0.02018095364600228,0,0,Ogac,1837.5
113.5,1.136843193957364,1,0,Ogac,1836.5
114.5,-0.05927456257185545,0,0,Ogac,1835.5
115.5,-0.046682316023600526,0,0,Ogac,1834.5
116.5,-0.04697006652857409,0,0,Ogac,1833.5
117.5,-0.06309781419921559,0,0,Ogac,1832.5
118.5,-0.05538555913406903,0,0,Ogac,1831.5
119.5,0.012436698590039916,0,0,Ogac,1830.5
120.5,-0.0313210410912931,0,0,Ogac,1829.5
121.5,-0.046248778237998556,0,0,Ogac,1828.5
122.5,0.08962348709616931,0,0,Ogac,1827.5
123.5,0.15396575486689917,1,0,Ogac,1826.5
124.5,0.06187802500189435,0,0,Ogac,1825.5
125.5,0.026390297389615028,0,0,Ogac,1824.5
126.5,0.0012725718925710588,0,0,Ogac,1823.5
127.5,-0.05613515163327447,0,0,Ogac,1822.5
128.5,-0.04130287333329044,0,0,Ogac,1821.5
129.5,0.04663940666427634,0,0,Ogac,1820.5
130.5,-0.010198311762011372,0,0,Ogac,1819.5
131.5,-0.03448602873822466,0,0,Ogac,1818.5
132.5,-0.042453744391614076,0,0,Ogac,1817.5
133.5,-0.011061458836287855,0,0,Ogac,1816.5
134.5,0.03212082782262882,0,0,Ogac,1815.5
135.5,-0.011636884514249879,0,0,Ogac,1814.5
136.5,-0.04832459595484257,0,0,Ogac,1813.5
137.5,-0.0018923066008834366,0,0,Ogac,1812.5
138.5,0.008859983454411594,0,0,Ogac,1811.5
139.5,0.08473227412314031,0,0,Ogac,1810.5
140.5,0.018034565308214845,0,0,Ogac,1809.5
141.5,-0.02896314310467265,0,0,Ogac,1808.5
142.5,0.019469148760483307,0,0,Ogac,1807.5
143.5,0.16366144078665507,1,0,Ogac,1806.5
144.5,-0.04590626715744753,0,0,Ogac,1805.5
145.5,-0.0024039752347142784,0,0,Ogac,1804.5
146.5,-0.07280168360944271,0,0,Ogac,1803.5
147.5,-0.06876939243633426,0,0,Ogac,1802.5
148.5,-0.05401710185290258,0,0,Ogac,1801.5
149.5,-0.04486481197221263,0,0,Ogac,1800.5
150.5,-0.0636825228918568,0,0,Ogac,1799.5
151.5,0.14590976530923905,1,0,Ogac,1798.5
152.5,-0.03917794744189265,0,0,Ogac,1797.5
153.5,0.004544338757942898,0,0,Ogac,1796.5
154.5,-0.059983376190051126,0,0,Ogac,1795.5
155.5,-0.04907109237796729,0,0,Ogac,1794.5
156.5,-0.033278809884627024,0,0,Ogac,1793.5
157.5,-0.06749652877088216,0,0,Ogac,1792.5
158.5,-0.01489424908610007,0,0,Ogac,1791.5
159.5,-0.06142197086023051,0,0,Ogac,1790.5
160.5,-0.025309694114957988,0,0,Ogac,1789.5
161.5,-0.061997418854429116,0,0,Ogac,1788.5
162.5,-0.03353514507243164,0,0,Ogac,1787.5
163.5,-0.0513728727441969,0,0,Ogac,1786.5
164.5,0.12137939816677437,1,0,Ogac,1785.5
165.5,-0.06890833229490617,0,0,Ogac,1784.5
166.5,-0.036156064106169415,0,0,Ogac,1783.5
167.5,-0.06473379723200783,0,0,Ogac,1782.5
168.5,-0.06977153162372621,0,0,Ogac,1781.5
169.5,-0.01634926721132593,0,0,Ogac,1780.5
170.5,0.009402996093491461,0,0,Ogac,1779.5
171.5,0.03455525838714012,0,0,Ogac,1778.5
172.5,-0.020612480238184364,0,0,Ogac,1777.5
173.5,0.008539780303882138,0,0,Ogac,1776.5
174.5,-0.03245795989916956,0,0,Ogac,1775.5
175.5,-0.0327457007578749,0,0,Ogac,1774.5
176.5,-0.02671344217523179,0,0,Ogac,1773.5
177.5,0.03507881595690862,0,0,Ogac,1772.5
178.5,0.07351107375170053,0,0,Ogac,1771.5
179.5,-0.07109666868730405,0,0,Ogac,1770.5
180.5,-0.06538441127113066,0,0,Ogac,1769.5
181.5,0.5163278461046852,1,0,Ogac,1768.5
182.5,-0.05179989646575275,0,0,Ogac,1767.5
183.5,-0.039577638994294034,0,0,Ogac,1766.5
184.5,-0.03986538150766078,0,0,Ogac,1765.5
84.5,-0.06411337285467233,0,0,Plomo,1865.5
85.5,-0.007750151580750431,0,0,Plomo,1864.5
86.5,-0.12120250782383735,0,0,Plomo,1863.5
87.5,-0.13516946433653565,0,0,Plomo,1862.5
88.5,0.11004533592243593,0,0,Plomo,1861.5
89.5,0.022135438309891176,0,0,Plomo,1860.5
90.5,0.002467630205150062,0,0,Plomo,1859.5
91.5,0.1508403137192792,0,0,Plomo,1858.5
92.5,0.13730217704009573,0,0,Plomo,1857.5
93.5,0.2450214447327146,0,0,Plomo,1856.5
94.5,-0.1376200578909027,0,0,Plomo,1855.5
95.5,0.3036313700174319,0,0,Plomo,1854.5
96.5,-0.4999042408280971,0,0,Plomo,1853.5
97.5,-0.7667625430422017,0,0,Plomo,1852.5
98.5,-0.27052867409047154,0,0,Plomo,1851.5
99.5,-0.4055211904613124,0,0,Plomo,1850.5
100.5,-0.5188452181385232,0,0,Plomo,1849.5
101.5,0.3956918436268422,0,0,Plomo,1848.5
102.5,-0.29054326670889885,0,0,Plomo,1847.5
103.5,0.11098493069784632,0,0,Plomo,1846.5
104.5,0.16892119961490648,0,0,Plomo,1845.5
105.5,0.1665373003234294,0,0,Plomo,1844.5
106.5,-0.13424409735393894,0,0,Plomo,1843.5
107.5,0.20709857966377565,0,0,Plomo,1842.5
108.5,0.5337829407244299,0,0,Plomo,1841.5
109.5,-0.20673024366150017,0,0,Plomo,1840.5
110.5,0.7291227374495965,0,0,Plomo,1839.5
111.5,-0.3498905874084697,0,0,Plomo,1838.5
112.5,1.427839527366753,1,0,Plomo,1837.5
113.5,0.21265678646262476,0,0,Plomo,1836.5
114.5,0.08844916514159484,0,0,Plomo,1835.5
115.5,-0.8950880861102887,0,0,Plomo,1834.5
116.5,-0.45256377816581717,0,0,Plomo,1833.5
117.5,-0.3248119250032403,0,0,Plomo,1832.5
118.5,0.011017346504597514,0,0,Plomo,1831.5
119.5,-0.4444208725624941,0,0,Plomo,1830.5
120.5,-0.061794015547741,0,0,Plomo,1829.5
121.5,-0.5773175944139995,0,0,Plomo,1828.5
122.5,-0.04454836599245082,0,0,Plomo,1827.5
123.5,0.5562352112193039,0,0,Plomo,1826.5
124.5,0.10659792345010999,0,0,Plomo,1825.5
125.5,-0.33173609251126157,0,0,Plomo,1824.5
126.5,0.21723344965769353,0,0,Plomo,1823.5
127.5,1.5637874133151495,1,0,Plomo,1822.5
128.5,0.4821286066907269,0,0,Plomo,1821.5
129.5,-0.05158197777598028,0,0,Plomo,1820.5
130.5,0.3520585514713006,0,0,Plomo,1819.5
131.5,0.1687686298058566,0,0,Plomo,1818.5
132.5,0.12843219134195083,0,0,Plomo,1817.5
133.5,-0.9390201261571898,0,0,Plomo,1816.5
134.5,0.3949840998784855,0,0,Plomo,1815.5
135.5,0.678831402787256,0,0,Plomo,1814.5
136.5,0.008217698399651585,0,0,Plomo,1813.5
137.5,-0.38348100490066206,0,0,Plomo,1812.5
138.5,-0.01424188741896626,0,0,Plomo,1811.5
139.5,-0.42926549436209194,0,0,Plomo,1810.5
140.5,-0.599374146300773,0,0,Plomo,1809.5
141.5,-0.02705817072674077,0,0,Plomo,1808.5
142.5,-0.5505647108678913,0,0,Plomo,1807.5
143.5,0.3368021649015289,0,0,Plomo,1806.5
144.5,0.13155661334850066,0,0,Plomo,1805.5
145.5,0.4742298318434566,0,0,Plomo,1804.5
146.5,-0.600527044907826,0,0,Plomo,1803.5
147.5,0.08807938614968158,0,0,Plomo,1802.5
148.5,-0.4708732738034106,0,0,Plomo,1801.5
149.5,-0.2105187102057854,0,0,Plomo,1800.5
150.5,0.18293437780544775,0,0,Plomo,1799.5
151.5,0.31340507190355216,0,0,Plomo,1798.5
152.5,0.47710826557880437,0,0,Plomo,1797.5
153.5,0.24909258637686404,0,0,Plomo,1796.5
154.5,0.7782313275340451,1,0,Plomo,1795.5
155.5,0.41008772507779634,0,0,Plomo,1794.5
156.5,-0.3894085784880509,0,0,Plomo,1793.5
157.5,-0.43912707211872126,0,0,Plomo,1792.5
158.5,-0.009758954307638623,0,0,Plomo,1791.5
159.5,0.34535097801483206,0,0,Plomo,1790.5
160.5,0.28668820000895634,0,0,Plomo,1789.5
161.5,0.4165432332700105,0,0,Plomo,1788.5
162.5,-0.6180110273219779,0,0,Plomo,1787.5
163.5,-0.9796310768598543,0,0,Plomo,1786.5
164.5,-0.16195142866347212,0,0,Plomo,1785.5
165.5,0.47401018956797714,0,0,Plomo,1784.5
166.5,0.2887824079156356,0,0,Plomo,1783.5
167.5,-0.07585034143090852,0,0,Plomo,1782.5
168.5,0.1653979694596004,0,0,Plomo,1781.5
169.5,-0.2882468276790755,0,0,Plomo,1780.5
170.5,-0.9260687601043527,0,0,Plomo,1779.5
171.5,-0.019278397616792953,0,0,Plomo,1778.5
172.5,-0.49466015157857957,0,0,Plomo,1777.5
173.5,0.5586032520799693,0,0,Plomo,1776.5
174.5,-0.18241180134673562,0,0,Plomo,1775.5
175.5,-0.42476561259818657,0,0,Plomo,1774.5
176.5,-0.2984921573524577,0,0,Plomo,1773.5
177.5,0.1392258860991915,0,0,Plomo,1772.5
178.5,0.37914243526781477,0,0,Plomo,1771.5
179.5,-0.14656230796955916,0,0,Plomo,1770.5
180.5,0.2555598288110603,0,0,Plomo,1769.5
181.5,-0.3120785087908967,0,0,Plomo,1768.5
182.5,0.7292738114499726,0,0,Plomo,1767.5
183.5,-0.03940166723706595,0,0,Plomo,1766.5
184.5,-0.03760922262645772,0,0,Plomo,1765.5
84.5,-0.4411442008914038,0,0,Sawtooth,1865.5
85.5,-0.5412161937412586,0,0,Sawtooth,1864.5
86.5,-0.5467939157721358,0,0,Sawtooth,1863.5
87.5,-0.1498139103348225,0,0,Sawtooth,1862.5
88.5,-0.5299524058832421,0,0,Sawtooth,1861.5
89.5,4.098874969986893,1,0,Sawtooth,1860.5
90.5,-0.6106982388616412,0,0,Sawtooth,1859.5
91.5,-0.6202892190116475,0,0,Sawtooth,1858.5
92.5,-0.5766329439826517,0,0,Sawtooth,1857.5
93.5,-0.461575828686845,0,0,Sawtooth,1856.5
94.5,-0.6033737832125134,0,0,Sawtooth,1855.5
95.5,-0.5435888735650816,0,0,Sawtooth,1854.5
96.5,-0.570868755972363,0,0,Sawtooth,1853.5
97.5,-0.35827518440665806,0,0,Sawtooth,1852.5
98.5,-0.06985434529910817,0,0,Sawtooth,1851.5
99.5,-0.3940525506468508,0,0,Sawtooth,1850.5
100.5,-0.3871365309918168,0,0,Sawtooth,1849.5
101.5,-0.4590107492777006,0,0,Sawtooth,1848.5
102.5,0.26370065787498254,0,0,Sawtooth,1847.5
103.5,-0.5628431913327027,0,0,Sawtooth,1846.5
104.5,-0.3754863887467135,0,0,Sawtooth,1845.5
105.5,-0.46138929869591266,0,0,Sawtooth,1844.5
106.5,-0.2517730376975332,0,0,Sawtooth,1843.5
107.5,-0.4706692747233877,0,0,Sawtooth,1842.5
108.5,-0.41508183643470997,0,0,Sawtooth,1841.5
109.5,-0.5395819878366611,0,0,Sawtooth,1840.5
110.5,-0.48499322101146347,0,0,Sawtooth,1839.5
111.5,0.3541088250907898,1,0,Sawtooth,1838.5
112.5,-0.5310778135158186,0,0,Sawtooth,1837.5
113.5,6.543791133289761,1,0,Sawtooth,1836.5
114.5,-0.5747058251285375,0,0,Sawtooth,1835.5
115.5,2.9642072375611197,1,0,Sawtooth,1834.5
116.5,-0.5541111495006442,0,0,Sawtooth,1833.5
117.5,-0.5045390718307728,0,0,Sawtooth,1832.5
118.5,-0.5020049650261368,0,0,Sawtooth,1831.5
119.5,-0.5201643075249687,0,0,Sawtooth,1830.5
120.5,-0.5437976414726218,0,0,Sawtooth,1829.5
121.5,-0.5118253422772973,0,0,Sawtooth,1828.5
122.5,0.44754728196552696,1,0,Sawtooth,1827.5
123.5,-0.4606265859042375,0,0,Sawtooth,1826.5
124.5,-0.5110108166629388,0,0,Sawtooth,1825.5
125.5,-0.4146398325166873,0,0,Sawtooth,1824.5
126.5,-0.5276724402639206,0,0,Sawtooth,1823.5
127.5,-0.5201162562910191,0,0,Sawtooth,1822.5
128.5,-0.5166482591248035,0,0,Sawtooth,1821.5
129.5,-0.48885676019998797,0,0,Sawtooth,1820.5
130.5,-0.4056779278038143,0,0,Sawtooth,1819.5
131.5,-0.4219078072764333,0,0,Sawtooth,1818.5
132.5,6.719663702042423,0,0,Sawtooth,1817.5
133.5,3.2560046800702644,1,0,Sawtooth,1816.5
134.5,-0.2938394216094772,0,0,Sawtooth,1815.5
135.5,-0.49130342654795484,0,0,Sawtooth,1814.5
136.5,-0.4366864506245441,0,0,Sawtooth,1813.5
137.5,-0.40048711927336195,0,0,Sawtooth,1812.5
138.5,-0.4798380931607079,0,0,Sawtooth,1811.5
139.5,-0.214175474280919,0,0,Sawtooth,1810.5
140.5,3.780286381468538,1,0,Sawtooth,1809.5
141.5,-0.4097674117765661,0,0,Sawtooth,1808.5
142.5,-0.09497664346508933,0,0,Sawtooth,1807.5
143.5,-0.4706047619225378,0,0,Sawtooth,1806.5
144.5,-0.40726679728231285,0,0,Sawtooth,1805.5
145.5,-0.40202164523906,0,0,Sawtooth,1804.5
146.5,-0.2517256608617064,0,0,Sawtooth,1803.5
147.5,-0.39725748598563837,0,0,Sawtooth,1802.5
148.5,-0.33308214620078436,0,0,Sawtooth,1801.5
149.5,0.12913282926155262,0,0,Sawtooth,1800.5
150.5,-0.3448619092316466,0,0,Sawtooth,1799.5
151.5,-0.2688932755232557,0,0,Sawtooth,1798.5
152.5,-0.4337992181864225,0,0,Sawtooth,1797.5
153.5,-0.42812584710624735,0,0,Sawtooth,1796.5
154.5,-0.34911634316038576,0,0,Sawtooth,1795.5
155.5,-0.38309243398194476,0,0,Sawtooth,1794.5
156.5,-0.24948545813099102,0,0,Sawtooth,1793.5
157.5,1.4731263335311096,1,0,Sawtooth,1792.5
158.5,-0.29178413230483546,0,0,Sawtooth,1791.5
159.5,-0.38279218138696575,0,0,Sawtooth,1790.5
160.5,-0.3559463313471265,0,0,Sawtooth,1789.5
161.5,-0.3258042041766195,0,0,Sawtooth,1788.5
162.5,-0.3440746453179838,0,0,Sawtooth,1787.5
163.5,-0.36288363638187665,0,0,Sawtooth,1786.5
164.5,-0.22840479413512896,0,0,Sawtooth,1785.5
165.5,-0.2680183681656523,0,0,Sawtooth,1784.5
166.5,1.029248463966295,1,0,Sawtooth,1783.5
167.5,-0.06340722238132446,0,0,Sawtooth,1782.5
168.5,-0.3213082338741373,0,0,Sawtooth,1781.5
169.5,-0.026712454590371082,0,0,Sawtooth,1780.5
170.5,1.3714313739444755,0,0,Sawtooth,1779.5
171.5,0.31038324480987034,1,0,Sawtooth,1778.5
172.5,-0.2951312853308371,0,0,Sawtooth,1777.5
173.5,-0.2584849717883828,0,0,Sawtooth,1776.5
174.5,-0.27124187062507854,0,0,Sawtooth,1775.5
175.5,-0.2607606487107701,0,0,Sawtooth,1774.5
176.5,-0.2848695880482411,0,0,Sawtooth,1773.5
177.5,-0.2625347821163292,0,0,Sawtooth,1772.5
178.5,0.14343337142502766,1,0,Sawtooth,1771.5
179.5,-0.17174751001423022,0,0,Sawtooth,1770.5
180.5,-0.2228881354541945,0,0,Sawtooth,1769.5
181.5,-0.2301708754488268,0,0,Sawtooth,1768.5
182.5,0.2596994300881207,1,0,Sawtooth,1767.5
183.5,-0.21780979974452613,0,0,Sawtooth,1766.5
184.5,-0.22197855214434523,0,0,Sawtooth,1765.5
